NAME,COUNTY,GNIS_MATCH,GNIS_COUNT,GNIS_LAT,GNIS_LON,GNIS_SIMIL,INCORP_YR,YR_1850,YR_1860,YR_1870,YR_1880,YR_1890,YR_1900,YR_1910,YR_1920,YR_1930,YR_1940,YR_1950,YR_1960,YR_1970,YR_1980,YR_1990,YR_2000
Adin,Modoc,Adin,Modoc,41.19378000000,-120.94524500000,1.00000000000,0,0,0,0,217,0,0,0,0,0,0,0,0,0,0,0,0
Alameda,Alameda,Alameda,Alameda,37.76520650000,-122.24163550000,1.00000000000,1854,0,0,0,6,11,16,23,29,35,36,64,64,71,64,76,72
Albion,Mendocino,Albion,Mendocino,39.22351170000,-123.76862510000,1.00000000000,0,0,0,115,0,0,0,0,0,0,0,0,0,0,0,0,0
Alleghany,Sierra,Alleghany,Sierra,39.46961850000,-120.84327900000,1.00000000000,0,0,0,240,277,0,0,0,0,0,0,0,0,0,0,0,0
Alta,Placer,Alta,Placer,39.20656520000,-120.81132680000,1.00000000000,0,0,0,0,120,0,0,0,0,0,0,0,0,0,0,0,0
Altaville,Calaveras,Altaville,Calaveras,38.08381060000,-120.56186920000,1.00000000000,0,0,0,0,71,0,0,0,0,0,0,0,0,0,0,0,0
Alturas,Modoc,Alturas,Modoc,41.48711460000,-120.54245550000,1.00000000000,1901,0,0,0,148,0,0,916,979,2,2,3,3,3,3,3,3
Alvarado,Alameda,Alvarado Park,Alameda,37.59743430000,-122.07801840000,0.96250000000,0,0,0,315,364,0,0,0,0,0,0,0,0,0,0,0,0
Alviso,Santa Clara,Alviso,Santa Clara,37.42605100000,-121.97523730000,1.00000000000,0,0,0,0,141,0,0,402,517,381,677,652,1,0,0,0,0
Amador,Amador,Amador Creek,Amador,38.42463300000,-120.87299340000,0.96666666667,1915,0,0,0,824,984,0,0,377,171,249,151,202,156,136,196,196
American,Riverside,American River,Sacramento,38.59740480000,-121.50801110000,0.90059466109,0,0,629,0,0,0,0,0,0,0,0,0,0,0,0,0,0
American Hills,Placer,American Hill,Placer,39.14018030000,-120.58881680000,0.98042601858,0,0,0,0,16,0,0,0,0,0,0,0,0,0,0,0,0
Anaheim,Orange,Anaheim,Orange,33.83529320000,-117.91450360000,1.00000000000,1878,0,0,0,833,1,1,3,6,11,11,15,104,166,219,266,328
Anderson,Shasta,Anderson,Shasta,40.44820800000,-122.29778150000,1.00000000000,0,0,293,623,0,0,0,0,0,0,0,0,0,0,0,0,0
Anderson,Mendocino,Anderson Creek,Mendocino,39.94653630000,-123.89891410000,0.96923076923,0,0,293,623,0,0,0,0,0,0,0,0,0,0,0,0,0
Angel Island,Marin,Angel Island,Marin,37.86270460000,-122.43191640000,1.00000000000,0,0,0,0,305,0,0,0,0,0,0,0,0,0,0,0,0
Angels Camp,Calaveras,Angels Camp,Calaveras,38.06825540000,-120.53964570000,1.00000000000,1912,0,0,0,330,917,0,0,941,915,1,1,1,2,2,2,0
Antioch,Contra Costa,Antioch,Contra Costa,38.00492140000,-121.80578900000,1.00000000000,1872,0,0,0,626,635,674,1,2,4,5,11,17,28,43,62,91
Aqueduct,Amador,Los Angeles Aqueduct,Inyo,35.64245400000,-117.89423610000,0.59610389610,0,0,0,0,22,0,0,0,0,0,0,0,0,0,0,0,0
Arbuckle,Colusa,Arbuckle,Colusa,39.01739630000,-122.05774770000,1.00000000000,0,0,0,0,187,375,1,0,0,0,0,0,0,1,1,2,2
Arcata,Humboldt,Arcata,Humboldt,40.86651660000,-124.08283960000,1.00000000000,1858,0,0,0,702,962,952,1,1,2,2,4,5,9,13,15,17
Arranus,Mendocino,Mendosino Mine,Inyo,36.90187660000,-118.13676010000,0.64464161544,0,0,336,0,0,0,0,0,0,0,0,0,0,0,0,0,0
Auburn,Placer,Auburn,Placer,38.89656540000,-121.07689010000,1.00000000000,1888,0,811,800,1,2,2,2,2,3,4,5,6,7,8,11,12
Auburn & vicinity,Sutter,Auburn Ravine,Sutter,38.85267620000,-121.51690240000,0.70147368421,0,1,0,0,0,0,0,0,0,0,0,0,0,0,0,0,0
Azusa,Los Angeles,Azusa,Los Angeles,34.13528520000,-117.91506300000,1.00000000000,1898,0,363,320,0,0,863,1,2,5,5,11,20,25,29,41,45
Bakersfield,Kern,Bakersfield,Kern,35.37329210000,-119.01871250000,1.00000000000,1898,0,0,0,801,3,5,13,19,26,29,35,57,70,106,175,247
Banning,Riverside,Banning,Riverside,33.92557130000,-116.87641030000,1.00000000000,1913,0,0,520,0,0,0,0,2,3,4,7,10,12,14,21,24
Batavia,Solano,Batavia,Solano,38.40629840000,-121.85968530000,1.00000000000,0,0,0,200,0,0,0,0,0,0,0,0,0,0,0,0,0
Bath,Placer,Bath (historical),Placer,39.03601030000,-120.79326590000,0.96470588235,0,0,0,0,172,0,0,0,0,0,0,0,0,0,0,0,0
Beal's Bar and Dead Man's Bar,Sutter,Dead Mountains,San Bernardino,35.02777830000,-114.74885860000,0.80223111927,0,42,0,0,0,0,0,0,0,0,0,0,0,0,0,0,0
"Beal's Bar, Forkville",Sutter,Barry Substation,Sutter,39.06933740000,-121.69052250000,0.83285292084,0,378,0,0,0,0,0,0,0,0,0,0,0,0,0,0,0
Bear Valley,Mariposa,Bear Valley,Mariposa,37.56882370000,-120.11934890000,1.00000000000,0,0,0,0,150,0,0,0,0,0,0,0,0,0,0,0,0
Bear Valley,Alpine,Bear Valley,Alpine,38.46463370000,-120.03990880000,1.00000000000,0,0,0,0,150,0,0,0,0,0,0,0,0,0,0,0,0
Belmont,San Mateo,Belmont,San Mateo,37.52021450000,-122.27580080000,1.00000000000,1926,0,0,0,202,0,0,0,0,984,1,6,16,24,25,24,25
Benicia,Solano,Benicia,Solano,38.04936500000,-122.15857770000,1.00000000000,1850,480,0,0,2,2,3,2,3,3,2,7,6,7,15,24,27
Benton,Mono,Benton,Mono,37.81909900000,-118.47650940000,1.00000000000,0,0,0,0,154,0,0,0,0,0,0,0,0,0,0,0,0
Berryvale,Siskiyou,Berrydale Trailer Park,Orange,33.77307220000,-117.90450210000,0.66261590057,0,0,0,0,58,0,0,0,0,0,0,0,0,0,0,0,0
Bieber,Lassen,Bieber,Lassen,41.12127750000,-121.14413960000,1.00000000000,0,0,0,0,43,0,0,0,0,0,0,0,0,0,0,0,0
Big Meadows,Plumas,Big Creek,Plumas,39.91961180000,-121.09023630000,0.76704545455,0,0,0,0,300,0,0,0,0,0,0,0,0,0,0,0,0
Big Oak Flat,Tuolumne,Big Oak Flat,Tuolumne,37.82353910000,-120.25824560000,1.00000000000,0,0,0,0,73,0,0,0,0,0,0,0,0,0,0,0,0
Big River,Mendocino,Big River,Mendocino,39.30211910000,-123.79473670000,1.00000000000,0,0,473,0,0,0,0,0,0,0,0,0,0,0,0,0,0
Big River,San Bernardino,Big River,San Bernardino,34.14001590000,-114.36134250000,1.00000000000,0,0,473,0,0,0,0,0,0,0,0,0,0,0,0,0,0
Big Shasta Valley,Siskiyou,Shasta Valley,Siskiyou,41.81514310000,-122.43557610000,0.94117647059,0,0,0,0,56,0,0,0,0,0,0,0,0,0,0,0,0
Biggs,Butte,Biggs,Butte,39.41238760000,-121.71275130000,1.00000000000,1903,0,0,0,95,571,0,403,683,463,547,784,831,1,1,2,2
Binghamton,Solano,Binghamton,Solano,38.35129980000,-121.82273880000,1.00000000000,0,0,0,80,0,0,0,0,0,0,0,0,0,0,0,0,0
Birchville,Nevada,Birchville,Nevada,39.32767010000,-121.14439960000,1.00000000000,0,0,0,0,182,0,0,0,0,0,0,0,0,0,0,0,0
Bird Flat,Placer,P-Bar Flats,Santa Barbara,34.51471560000,-119.58985180000,0.82280067428,0,0,0,0,48,0,0,0,0,0,0,0,0,0,0,0,0
Bishop - Bishop Creek,Inyo,Bishop Creek,Inyo,37.35242980000,-118.46011300000,0.92727272727,1903,0,0,624,0,0,0,0,0,0,0,0,3,3,3,3,4
Bishops Creek,Inyo,Bishop Creek,Inyo,37.35242980000,-118.46011300000,0.97304092069,0,0,0,0,159,0,0,0,0,0,0,0,0,0,0,0,0
Blacks,Yolo,Black Mountain,Yolo,38.80712350000,-122.24192020000,0.92688220817,0,0,0,0,85,0,0,0,0,0,0,0,0,0,0,0,0
Blocksburg,Humboldt,Blocksburg,Humboldt,40.27597690000,-123.63642060000,1.00000000000,0,0,0,0,121,0,0,0,0,0,0,0,0,0,0,0,0
Bloomfield,Sonoma,Bloomfield,Sonoma,38.31380500000,-122.85110460000,1.00000000000,0,0,0,0,192,0,0,0,0,0,0,0,0,0,0,0,0
Blue Canyon,Placer,Blue Canyon,Placer,39.20045540000,-120.74743480000,1.00000000000,0,0,0,0,162,0,0,0,0,0,0,0,0,0,0,0,0
Blue Tent,Nevada,Blue Tent,Nevada,39.31017200000,-120.97355890000,1.00000000000,0,0,0,0,350,0,0,0,0,0,0,0,0,0,0,0,0
Boca,Nevada,Boca,Nevada,39.38601840000,-120.09408680000,1.00000000000,0,0,0,0,123,266,0,0,0,0,0,0,0,0,0,0,0
Bodega Corners,Sonoma,Bodega,Sonoma,38.39019330000,-123.03805660000,0.92631578947,0,0,0,0,157,0,0,0,0,0,0,0,0,0,0,0,0
Bodie,Mono,Bodie,Mono,38.21214010000,-119.01208740000,1.00000000000,0,0,0,0,3,595,0,0,0,0,0,0,0,0,0,0,0
Borden,Fresno,Borden,Madera,36.92994660000,-120.02654890000,0.74436090226,0,0,0,0,203,0,0,0,0,0,0,0,0,0,0,0,0
Bostwick Bar,Calaveras,Bostick Bar,Calaveras,37.97548020000,-120.52908820000,0.98340657378,0,0,0,0,50,0,0,0,0,0,0,0,0,0,0,0,0
Bourn's Landing,Mendocino,Bourns Landing,Mendocino,38.78491100000,-123.56278870000,0.98522167488,0,0,0,40,0,0,0,0,0,0,0,0,0,0,0,0,0
Bowling Green,Yuba,Bowling Green,San Diego,32.73255090000,-117.15753320000,0.73260073260,0,126,0,0,0,0,0,0,0,0,0,0,0,0,0,0,0
Bridgeport,Solano,Bridgeport,Mono,38.25575270000,-119.23126560000,0.65384615385,0,0,0,60,335,0,0,0,0,0,0,0,0,0,0,0,0
Bridgeport,Mono,Bridgeport,Mono,38.25575270000,-119.23126560000,1.00000000000,0,0,0,60,335,0,0,0,0,0,0,0,0,0,0,0,0
Bridgeville,Humboldt,Bridgeville,Humboldt,40.46930640000,-123.79976280000,1.00000000000,0,0,0,0,25,0,0,0,0,0,0,0,0,0,0,0,0
Bronco,Nevada,Bronco,Nevada,39.38629690000,-120.02269660000,1.00000000000,0,0,0,0,30,0,0,0,0,0,0,0,0,0,0,0,0
Browns Valley,Yuba,Browns Valley,Yuba,39.24211390000,-121.40912970000,1.00000000000,0,0,0,0,168,0,0,0,0,0,0,0,0,0,0,0,0
Butchers Ranch,Placer,Butcher Ranch,Placer,38.95600930000,-120.95410760000,0.98579171672,0,0,0,0,227,0,0,0,0,0,0,0,0,0,0,0,0
Butte Creek,Colusa,Butte Creek School,Colusa,39.30405440000,-122.01275210000,0.96923076923,0,0,153,0,0,0,0,0,0,0,0,0,0,0,0,0,0
Butte Creek Mines,Butte,Bottle Creek,Butte,40.00793780000,-121.57136330000,0.88211138675,0,0,0,0,159,0,0,0,0,0,0,0,0,0,0,0,0
Butteville,Siskiyou,Butteville Union Elementary School,Siskiyou,41.45737080000,-122.43140680000,0.91851851852,0,0,0,0,60,0,0,0,0,0,0,0,0,0,0,0,0
Cache Creek,Yolo,Cache Creek,Yolo,38.69157120000,-121.75801910000,1.00000000000,0,275,0,0,0,0,0,0,0,0,0,0,0,0,0,0,0
Cacheville,Yolo,Cache Creek,Yolo,38.69157120000,-121.75801910000,0.90169708509,0,0,0,0,213,0,0,0,0,0,0,0,0,0,0,0,0
Calistoga,Napa,Calistoga,Napa,38.57879660000,-122.57970540000,1.00000000000,1886,0,0,0,467,0,690,751,850,1,1,1,2,2,4,4,5
Callahan,Siskiyou,Callahan,Siskiyou,41.30958850000,-122.80141770000,1.00000000000,0,0,0,0,145,0,0,0,0,0,0,0,0,0,0,0,0
Camp Gaston,Klamath,Gaston,Nevada,39.39406570000,-120.74160590000,0.60740740741,0,0,0,118,0,0,0,0,0,0,0,0,0,0,0,0,0
Campo Seco,Calaveras,Campo Seco,Calaveras,38.22714000000,-120.85327090000,1.00000000000,0,0,0,0,105,0,0,0,0,0,0,0,0,0,0,0,0
Canada Hill,Placer,Canada Hill,Placer,39.17629220000,-120.52937100000,1.00000000000,0,0,0,0,35,0,0,0,0,0,0,0,0,0,0,0,0
Canyon City,Trinity,Canyon City,Trinity,40.83153120000,-123.05280910000,1.00000000000,0,0,0,130,0,0,0,0,0,0,0,0,0,0,0,0,0
Canyon Creek,El Dorado,Canyon Creek,El Dorado,38.91712320000,-120.73715230000,1.00000000000,0,252,0,0,0,0,0,0,0,0,0,0,0,0,0,0,0
Carson Hill,Calaveras,Carson Hill,Calaveras,38.02825640000,-120.50658770000,1.00000000000,0,0,0,0,22,0,0,0,0,0,0,0,0,0,0,0,0
Caspar,Mendocino,Caspar,Mendocino,39.36350490000,-123.81584880000,1.00000000000,0,0,0,196,0,206,0,0,0,0,0,0,0,0,0,0,0
Castroville,Monterey,Castroville,Monterey,36.76579040000,-121.75800500000,1.00000000000,0,0,0,436,533,641,0,0,0,0,0,2,3,3,4,5,7
Cedarville,Modoc,Cedarville,Modoc,41.52906060000,-120.17327810000,1.00000000000,0,0,0,0,219,0,0,0,0,0,0,0,0,0,0,0,0
Centerville,El Dorado,Cedarville,El Dorado,38.56879560000,-120.64854080000,0.92667566896,0,0,0,0,203,0,0,0,0,0,0,1,0,0,0,0,0
Centerville,Mendocino,Centerville High School,Mendocino,39.32142360000,-123.10555500000,0.93333333333,0,0,0,0,203,0,0,0,0,0,0,1,0,0,0,0,0
Centerville,Alameda,Centerville District,Alameda,37.55410300000,-121.99912780000,0.94117647059,0,0,0,0,203,0,0,0,0,0,0,1,0,0,0,0,0
Central colony,Fresno,Center Branch Washington Colony Canal,Fresno,36.64717180000,-119.77236340000,0.87065928130,0,0,0,0,257,510,0,0,0,0,0,0,0,0,0,0,0
Centreville,Fresno,Centerville,Fresno,36.73383940000,-119.49790710000,0.98326435959,0,0,0,0,50,0,0,0,0,0,0,0,0,0,0,0,0
Centreville,Butte,Centerville,Butte,39.78766150000,-121.65525230000,0.98463757128,0,0,0,0,50,0,0,0,0,0,0,0,0,0,0,0,0
Centreville & vicinity,El Dorado,Cedarville,El Dorado,38.56879560000,-120.64854080000,0.89984069174,0,84,0,0,0,0,0,0,0,0,0,0,0,0,0,0,0
Cerritos,Los Angeles,Cerritos,Los Angeles,33.85834840000,-118.06478710000,1.00000000000,1956,0,0,0,166,0,0,0,0,0,0,0,4,16,53,53,51
Cerro Gordo,Inyo,Cerro Gordo Mine,Inyo,36.53937990000,-117.79174400000,0.97037037037,0,0,0,474,55,0,0,0,0,0,0,0,0,0,0,0,0
Cherokee,Butte,Cherokee,Butte,39.64627390000,-121.53830360000,1.00000000000,0,0,0,0,699,0,0,0,0,0,0,0,0,0,0,0,0
Cherokee,Nevada,Cherokee,Nevada,39.37017060000,-121.04300770000,1.00000000000,0,0,0,0,699,0,0,0,0,0,0,0,0,0,0,0,0
Chico,Butte,Chico,Butte,39.72849450000,-121.83747770000,1.00000000000,1872,0,0,0,3,3,3,4,9,8,9,12,15,20,27,40,60
Chinese Camp,Tuolumne,Chinese Camp,Tuolumne,37.87103810000,-120.43325110000,1.00000000000,0,0,0,0,184,0,0,0,0,0,0,0,0,0,0,0,146
Chualar,Monterey,Chualar,Monterey,36.58246180000,-121.46216010000,1.00000000000,0,0,0,0,46,0,0,0,0,0,0,0,0,0,0,0,1
Cincinnati & vicinity,El Dorado,Eldorado Ranch,El Dorado,38.66323780000,-120.74743300000,0.58579872941,0,168,0,0,0,0,0,0,0,0,0,0,0,0,0,0,0
Cisco,Placer,Cisco,Placer,39.30156910000,-120.54687420000,1.00000000000,0,0,0,0,73,0,0,0,0,0,0,0,0,0,0,0,0
Clinton,Nevada,Hinton,Nevada,39.37518530000,-120.07380820000,0.76602441534,0,0,0,0,82,0,0,0,0,0,0,0,0,0,0,0,0
Cloverdale,Sonoma,Cloverdale,Sonoma,38.80546240000,-123.01722270000,1.00000000000,1872,0,0,0,430,763,750,823,718,759,809,1,3,3,4,5,7
Cobb Valley,Plumas,Cobb Valley,Lake,38.84323640000,-122.74943500000,0.78000000000,0,0,0,0,67,0,0,0,0,0,0,0,0,0,0,0,0
Cold Springs,El Dorado,Cold Springs,El Dorado,38.74184690000,-120.87021540000,1.00000000000,0,0,120,0,0,0,0,0,0,0,0,0,0,0,0,0,0
Coldstream,Placer,Coldstream Valley,Placer,39.31685060000,-120.22880960000,0.96000000000,0,0,0,0,54,0,0,0,0,0,0,0,0,0,0,0,0
Colfax,Placer,Colfax,Placer,39.10072980000,-120.95327590000,1.00000000000,1910,0,0,0,591,670,0,621,573,912,794,820,915,798,981,1,1
College Town,Colusa,College City,Colusa,39.00573030000,-122.00941290000,0.67142857143,0,0,0,0,237,387,0,0,0,0,0,0,0,0,0,0,0
Collegeville,San Joaquin,Collegeville,San Joaquin,37.90492520000,-121.14744200000,1.00000000000,0,0,53,0,0,0,0,0,0,0,0,0,0,0,0,0,0
Colma,San Mateo,Colma,San Mateo,37.67687790000,-122.45969500000,1.00000000000,1924,0,0,0,188,0,0,0,0,369,354,297,500,537,395,1,1
Coloma,El Dorado,Coloma,El Dorado,38.79990140000,-120.89021600000,1.00000000000,0,588,888,0,231,0,0,0,0,0,0,0,0,0,0,0,0
Colorado,San Diego,Coronado,San Diego,32.68588540000,-117.18308910000,0.92857142857,0,0,310,229,0,0,0,0,0,0,0,0,0,0,0,0,0
Columbia,Tuolumne,Columbia,Tuolumne,38.03631190000,-120.40130610000,1.00000000000,0,0,0,0,650,0,0,0,0,0,0,0,0,0,0,0,0
Columbia,Tulare,Columbine Lake,Tulare,36.46180790000,-118.55096690000,0.89292976854,0,0,0,0,650,0,0,0,0,0,0,0,0,0,0,0,0
Columbia Flat,El Dorado,Coloma,El Dorado,38.79990140000,-120.89021600000,0.89577049081,0,0,0,0,29,0,0,0,0,0,0,0,0,0,0,0,0
Colusa,Colusa,Colusa,Colusa,39.22711160000,-122.04136280000,1.00000000000,0,0,348,0,2,1,1,2,2,2,2,3,4,4,4,5,5
Comanche,Calaveras,Camanche Creek,Calaveras,38.21908460000,-120.96521830000,0.95256833334,0,0,0,0,104,0,0,0,0,0,0,0,0,0,0,0,0
Compton,Los Angeles,Compton,Los Angeles,33.89584920000,-118.22007120000,1.00000000000,1888,0,0,160,0,636,0,922,1,13,16,48,72,79,81,90,93
Concord,Contra Costa,Concord,Contra Costa,37.97797770000,-122.03107330000,1.00000000000,1905,0,0,0,399,373,0,703,912,1,1,7,36,85,104,111,122
Condemned Bar,Sutter,Condemned Bar,Nevada,39.32933630000,-121.19440170000,0.77838827839,0,42,0,0,0,0,0,0,0,0,0,0,0,0,0,0,0
Copperopolis,Calaveras,Copperopolis,Calaveras,37.98103580000,-120.64187160000,1.00000000000,0,0,0,0,148,232,0,0,0,0,0,0,0,0,0,0,2
Cosumnes,Sacramento,Cosumnes,Sacramento,38.41129980000,-121.20661380000,1.00000000000,0,335,0,0,0,0,0,0,0,0,0,0,0,0,0,0,0
Cosumnes,El Dorado,Cosumnes Mine,El Dorado,38.66434960000,-120.53659210000,0.96190476191,0,1,0,0,0,0,0,0,0,0,0,0,0,0,0,0,0
Coulterville,Mariposa,Coulterville,Mariposa,37.71048600000,-120.19796580000,1.00000000000,0,0,0,0,224,525,0,0,0,0,0,0,0,0,0,0,0
Covelo,Mendocino,Covelo,Mendocino,39.79293240000,-123.24806870000,1.00000000000,0,0,0,0,183,0,0,0,0,0,0,0,0,0,1,1,1
Crescent,Del Norte,Crescent City,Del Norte,41.75594810000,-124.20174740000,0.96363636364,0,0,289,0,0,0,0,0,0,0,0,0,0,0,0,0,0
Crescent City,Del Norte,Crescent City,Del Norte,41.75594810000,-124.20174740000,1.00000000000,1854,0,638,458,0,907,699,1,955,2,1,2,3,3,3,4,4
Crescent Mills,Plumas,Crescent Mills,Plumas,40.09655790000,-120.91078820000,1.00000000000,0,0,0,0,202,0,0,0,0,0,0,0,0,0,0,0,258
Cressy,Merced,Cressey,Merced,37.41965980000,-120.66742070000,0.97224665176,0,0,0,0,63,0,0,0,0,0,0,0,0,0,0,0,0
Cuba,Nevada,Murphy Cabin,Nevada,39.32185050000,-120.23186530000,0.84485994235,0,0,0,0,24,0,0,0,0,0,0,0,0,0,0,0,0
Cuffy's Cove,Mendocino,Cuffeys Cove,Mendocino,39.14101410000,-123.73112670000,0.91606686528,0,0,0,158,0,0,0,0,0,0,0,0,0,0,0,0,0
"Culloma, vicinity of",El Dorado,Coloma,El Dorado,38.79990140000,-120.89021600000,0.87377805884,0,42,0,0,0,0,0,0,0,0,0,0,0,0,0,0,0
Damascus,Placer,Damascus,Placer,39.14656700000,-120.71771010000,1.00000000000,0,0,0,0,44,0,0,0,0,0,0,0,0,0,0,0,0
Davis,Yolo,Davis,Yolo,38.54490650000,-121.74051670000,1.00000000000,1917,0,0,0,441,547,0,0,939,1,2,4,9,23,37,46,60
Dayton,Butte,Dayton,Butte,39.64849500000,-121.87219940000,1.00000000000,0,0,0,0,142,0,0,0,0,0,0,0,0,0,0,0,0
Deadwood,Placer,Deadwood,Placer,39.08101200000,-120.68826290000,1.00000000000,0,0,0,0,31,0,0,0,0,0,0,0,0,0,0,0,0
Deer Creek,Yuba,Dry Creek,Yuba,38.97378380000,-121.52579350000,0.93589379999,0,378,0,0,0,0,0,0,0,0,0,0,0,0,0,0,0
Delano,Kern,Delano,Kern,35.76884250000,-119.24705360000,1.00000000000,1915,0,0,0,401,0,0,0,805,3,5,9,12,15,16,23,39
Delta,Shasta,Delta,Shasta,40.94431610000,-122.42473550000,1.00000000000,0,0,0,0,25,0,0,0,0,0,0,0,0,0,0,0,0
Denverton,Solano,Denverton,Solano,38.22463640000,-121.89746150000,1.00000000000,0,0,0,0,31,0,0,0,0,0,0,0,0,0,0,0,0
Diamond Springs,El Dorado,Diamond Springs,El Dorado,38.69462590000,-120.81493550000,1.00000000000,0,420,0,0,0,0,0,0,0,0,0,0,0,0,2,3,5
Dixon,Solano,Dixon,Solano,38.44546410000,-121.82329580000,1.00000000000,1878,0,0,317,0,1,783,827,926,1,1,2,3,4,8,10,16
Dogtown,Butte,Buttes Canyon,San Diego,33.19143100000,-116.19222940000,0.83304932189,0,0,0,0,152,0,0,0,0,0,0,0,0,0,0,0,0
Donahue,Sonoma,Donahue (historical),Sonoma,38.18936200000,-122.54192610000,0.96470588235,0,0,0,0,97,0,0,0,0,0,0,0,0,0,0,0,0
Doton's Bar and Long's Bar,Sutter,Long Bridge,Sutter,39.14822510000,-121.83830390000,0.82805652837,0,84,0,0,0,0,0,0,0,0,0,0,0,0,0,0,0
Douglas City,Trinity,Douglas City,Trinity,40.65208970000,-122.94474740000,1.00000000000,0,0,0,411,0,0,0,0,0,0,0,0,0,0,0,0,0
Douglas Flat,Calaveras,Douglas Flat,Calaveras,38.11436520000,-120.45492090000,1.00000000000,0,0,0,0,165,0,0,0,0,0,0,0,0,0,0,0,0
Downey,Los Angeles,Downey,Los Angeles,33.94001430000,-118.13256880000,1.00000000000,1956,0,0,0,237,0,0,0,0,0,0,0,83,89,83,91,107
Downieville,Sierra,Downieville,Sierra,39.55934050000,-120.82689050000,1.00000000000,0,0,940,704,650,0,500,0,0,0,0,0,0,0,0,0,0
Dry Creek,El Dorado,Dry Creek,El Dorado,38.73601340000,-120.95105190000,1.00000000000,0,210,0,0,0,0,0,0,0,0,0,0,0,0,0,0,0
Dutch Creek,El Dorado,Dutch Creek,El Dorado,38.79906820000,-120.88160450000,1.00000000000,0,504,0,0,0,0,0,0,0,0,0,0,0,0,0,0,0
Dutch Flat,Placer,Dutch Flat,Placer,39.20600900000,-120.83771690000,1.00000000000,0,0,0,0,939,682,0,0,0,0,0,0,0,0,0,0,0
East Bakersfield,Kern,East Bakersfield,Kern,35.38662500000,-118.97732200000,1.00000000000,0,0,0,0,242,622,0,0,0,38,0,0,0,0,0,0,0
East Canyon,El Dorado,East Big Canyon Creek,El Dorado,38.56157330000,-120.84549220000,0.93913043478,0,42,0,0,0,0,0,0,0,0,0,0,0,0,0,0,0
El Dorado,El Dorado,El Dorado,El Dorado,38.68268170000,-120.84771460000,1.00000000000,0,0,558,0,200,0,0,0,0,0,0,0,0,0,0,0,0
El Dorado Hills,El Dorado,El Dorado Hills,El Dorado,38.68573670000,-121.08216700000,1.00000000000,0,0,558,0,0,0,0,0,0,0,0,0,0,0,3,6,18
El Rio,San Diego,Rios Elementary School,San Diego,32.84088390000,-116.87252500000,0.90822541731,0,0,0,0,114,0,0,0,0,0,0,0,0,0,0,0,0
El Rio,Ventura,El Rio,Ventura,34.23578300000,-119.16383000000,1.00000000000,0,0,0,0,114,0,0,0,0,0,0,0,0,0,0,0,0
Elmira,Solano,Elmira,Solano,38.34824420000,-121.90996380000,1.00000000000,0,0,0,0,240,317,0,0,0,0,0,0,0,0,0,0,205
Emigrant Gap,Placer,Emigrant Gap,Placer,39.30045620000,-120.66826760000,1.00000000000,0,0,0,0,137,0,0,0,0,0,0,0,0,0,0,0,0
Empire Canyon,El Dorado,Empire Creek,El Dorado,38.85767860000,-120.85132500000,0.85588235294,0,84,0,0,0,0,0,0,0,0,0,0,0,0,0,0,0
Etna,Siskiyou,Etna,Siskiyou,41.45680650000,-122.89475510000,1.00000000000,1878,0,0,0,361,271,500,518,425,0,456,649,596,667,754,835,781
Eureka,Nevada,New Eureka Mine,Nevada,39.22267190000,-121.05606050000,0.90909090909,0,0,0,0,224,0,0,0,0,0,0,0,0,0,0,0,0
Eureka,Humboldt,Eureka,Humboldt,40.80207120000,-124.16367290000,1.00000000000,0,0,0,0,224,0,0,0,0,0,0,0,0,0,0,0,0
Eureka Mills,Plumas,Plumas Eureka Mill,Plumas,39.75684140000,-120.70049860000,0.94236657394,0,0,0,0,370,0,0,0,0,0,0,0,0,0,0,0,0
Fairfield,Solano,Fairfield,Solano,38.24935810000,-122.03996630000,1.00000000000,1903,0,0,329,424,505,0,834,1,1,1,3,15,44,58,77,96
Fairplay,El Dorado,Fair Play,El Dorado,38.59351730000,-120.66048550000,0.95273164983,0,0,0,0,24,0,0,0,0,0,0,0,0,0,0,0,0
Fall River Mills,Shasta,Fall River Mills,Shasta,41.00460760000,-121.43831390000,1.00000000000,0,0,0,0,122,0,0,0,0,0,0,0,0,0,0,0,648
Felton,Santa Cruz,Felton,Santa Cruz,37.05133740000,-122.07329730000,1.00000000000,0,0,0,0,271,259,0,0,0,0,0,0,1,2,5,5,1
Ferndale,Humboldt,Ferndale,Humboldt,40.57624060000,-124.26394420000,1.00000000000,1893,0,0,0,178,763,846,905,919,889,901,1,1,1,1,1,1
Fiddletown,Amador,Fiddletown,Amador,38.50379660000,-120.75548910000,1.00000000000,0,0,0,0,295,0,0,0,0,0,0,0,0,0,0,0,0
Fir Cap,Sierra,Fir Cap,Sierra,39.61989510000,-120.85439220000,1.00000000000,0,0,0,0,78,0,0,0,0,0,0,0,0,0,0,0,0
Forest City,Sierra,Forest,Sierra,39.49128480000,-120.85300220000,0.94666666667,0,0,0,152,620,238,0,0,0,0,0,0,0,0,0,0,0
Foresthill,Placer,Foresthill,Placer,39.02017680000,-120.81798910000,1.00000000000,0,0,0,0,688,650,0,0,0,0,0,0,0,0,1,1,2
Forestville,Sonoma,Forestville,Sonoma,38.47352370000,-122.89027210000,1.00000000000,0,0,0,0,84,0,0,0,0,0,0,0,0,0,0,2,2
Fort Bidwell,Modoc,Fort Bidwell,Modoc,41.86044630000,-120.15133880000,1.00000000000,0,0,0,0,146,0,0,0,0,0,0,0,0,0,0,0,0
Fort Bidwell (govt. barracks),Modoc,Fort Bidwell,Modoc,41.86044630000,-120.15133880000,0.90857142857,0,0,0,0,114,0,0,0,0,0,0,0,0,0,0,0,0
Fremont,Solano,Tremont School,Solano,38.45240830000,-121.78607240000,0.88160040923,0,0,377,0,0,0,0,0,0,0,0,0,0,0,0,0,0
Fremont,Yolo,Fremont,Yolo,38.67657060000,-121.63495970000,1.00000000000,0,0,377,0,0,0,0,0,0,0,0,0,0,0,0,0,0
Fremont,Alameda,Fremont,Alameda,37.54826970000,-121.98857190000,1.00000000000,0,0,377,0,0,0,0,0,0,0,0,0,0,0,0,0,0
Fremont Station,Shasta,Latour Fire Station,Shasta,40.64210160000,-121.69498790000,0.84882348684,0,0,0,0,30,0,0,0,0,0,0,0,0,0,0,0,0
French Canyon,El Dorado,Frenchtown,El Dorado,38.64129370000,-120.91132810000,0.91137929060,0,168,0,0,0,0,0,0,0,0,0,0,0,0,0,0,0
French Corral,Nevada,French Corral,Nevada,39.30600360000,-121.16134450000,1.00000000000,0,0,0,0,522,0,0,0,0,0,0,0,0,0,0,0,0
French Gulch,Shasta,French Gulch,Shasta,40.70070310000,-122.63835120000,1.00000000000,0,0,0,0,199,0,0,0,0,0,0,0,0,0,0,0,254
Fresno,Fresno,Fresno,Fresno,36.74772720000,-119.77236610000,1.00000000000,1885,0,0,0,1,11,12,25,45,53,61,92,134,166,217,354,428
Fulton,Sonoma,Fulton,Sonoma,38.49629970000,-122.76998860000,1.00000000000,0,0,0,0,76,0,0,0,0,0,0,0,0,0,0,0,0
Furguson's Cove,Mendocino,Cove Creek,Shasta,40.74515040000,-122.26861610000,0.70773757769,0,0,0,40,0,0,0,0,0,0,0,0,0,0,0,0,0
Garberville,Humboldt,Garberville,Humboldt,40.10014490000,-123.79502900000,1.00000000000,0,0,0,0,48,0,0,0,0,0,0,0,0,0,0,0,0
Georgetown and Vicinity,El Dorado,Georgetown,El Dorado,38.90684450000,-120.83854620000,0.92592592593,0,462,0,0,415,320,0,0,0,0,0,0,0,0,0,0,962
Geyserville,Sonoma,Geyserville,Sonoma,38.70768700000,-122.90249640000,1.00000000000,0,0,0,68,0,0,0,0,0,0,0,0,0,0,0,0,0
Gilroy,Santa Clara,Gilroy,Santa Clara,37.00578160000,-121.56827510000,1.00000000000,1870,0,0,0,2,2,2,2,3,4,4,5,7,13,26,26,41
Gold Hill,El Dorado,Gold Hill,El Dorado,38.76101320000,-120.88466030000,1.00000000000,0,0,160,0,47,0,0,0,0,0,0,0,0,0,0,0,0
Gold Run,Placer,Gold Run,Placer,39.18073100000,-120.85577260000,1.00000000000,0,0,0,0,377,211,0,0,0,0,0,0,0,0,0,0,0
Golden City,Tuolumne,Gold Spring,Tuolumne,38.04786850000,-120.41093070000,0.67232412265,0,0,0,0,56,0,0,0,0,0,0,0,0,0,0,0,0
Gonzales,Monterey,Gonzales,Monterey,36.50662960000,-121.44438060000,1.00000000000,1947,0,0,0,233,359,0,0,0,0,0,2,2,3,3,5,8
Granite Creek,El Dorado,Granite Creek,El Dorado,38.80045690000,-120.91327250000,1.00000000000,0,126,0,0,0,0,0,0,0,0,0,0,0,0,0,0,0
Grass Valley,Nevada,Grass Valley,Nevada,39.21906080000,-121.06106060000,1.00000000000,1861,454,0,0,0,0,5,5,4,4,6,5,5,5,7,9,11
Grayson,Stanislaus,Grayson,Stanislaus,37.56382040000,-121.17938110000,1.00000000000,0,0,0,0,133,331,0,0,0,0,0,0,0,0,0,0,1
Greenville,Plumas,Greenville,Plumas,40.13961260000,-120.95106750000,1.00000000000,0,0,0,0,403,0,0,0,0,0,0,1,1,1,2,1,1
Greenwood Valley,El Dorado,Greenwood,El Dorado,38.89656640000,-120.91271660000,0.96000000000,0,336,0,0,181,0,0,0,0,0,0,0,0,0,0,0,0
Gridley,Butte,Gridley,Butte,39.36377730000,-121.69358330000,1.00000000000,1905,0,0,0,352,686,0,987,2,2,2,3,3,4,4,5,5
Grizzly Flat,El Dorado,Grizzly Flat,El Dorado,38.63629470000,-120.52742510000,1.00000000000,0,0,0,0,76,0,0,0,0,0,0,0,0,0,0,0,0
Grizzly Flat,Placer,Grizzly Flat,Placer,39.08795420000,-120.82743570000,1.00000000000,0,0,0,0,76,0,0,0,0,0,0,0,0,0,0,0,0
Groveland,Tuolumne,Groveland,Tuolumne,37.83826080000,-120.23268940000,1.00000000000,0,0,0,0,59,0,0,0,0,0,0,0,0,0,0,0,0
Guadalupe,Santa Barbara,Guadalupe,Santa Barbara,34.94914450000,-120.56405820000,1.00000000000,0,0,0,0,431,0,0,0,0,0,0,0,0,0,0,0,0
Guadalupe,Santa Clara,Guadalupe Creek,Santa Clara,37.24661040000,-121.87106460000,0.97500000000,0,0,0,0,431,0,0,0,0,0,0,0,0,0,0,0,0
Gualala,Mendocino,Gualala,Mendocino,38.76574470000,-123.52806510000,1.00000000000,0,0,0,235,0,0,0,0,0,0,0,0,0,0,0,0,0
Guerneville,Sonoma,Guerneville,Sonoma,38.50185750000,-122.99611020000,1.00000000000,0,0,0,0,363,0,0,0,0,0,0,0,0,0,2,2,2
Hanford,Kings,Hanford,Kings,36.32745020000,-119.64568440000,1.00000000000,1891,0,0,0,269,942,3,5,6,7,8,10,10,15,21,31,42
Happy Camp,Del Norte,Rocky Camp,Del Norte,41.55123110000,-123.91479320000,0.69716599190,0,0,0,0,142,0,0,0,0,0,0,0,0,0,0,0,0
Happy Camp,Siskiyou,Happy Camp,Siskiyou,41.79317970000,-123.37949960000,1.00000000000,0,0,0,0,142,0,0,0,0,0,0,0,0,0,0,0,0
Havilah,Kern,Havilah,Kern,35.51773240000,-118.51869720000,1.00000000000,0,0,0,0,196,0,0,0,0,0,0,0,0,0,0,0,0
Hawkinsville,Siskiyou,Hawkinsville,Siskiyou,41.76069620000,-122.62197050000,1.00000000000,0,0,0,0,313,0,0,0,0,0,0,0,0,0,0,0,0
Hay Fork  Valley,Trinity,Hayfork Valley,Trinity,40.55208890000,-123.13058290000,0.98436595252,0,0,198,172,0,0,0,0,0,0,0,0,0,0,0,0,0
Hayden Hill,Lassen,Hayden Hill,Lassen,40.99850320000,-120.87024060000,1.00000000000,0,0,0,0,131,0,0,0,0,0,0,0,0,0,0,0,0
Hayfork,Trinity,Hayfork,Trinity,40.55431060000,-123.18308390000,1.00000000000,0,0,0,178,0,0,0,0,0,0,0,0,0,0,2,3,2
Hayward,Alameda,Hayward,Alameda,37.66882050000,-122.08079640000,1.00000000000,1876,0,0,504,1,1,2,3,3,6,7,14,73,93,94,111,140
Healdsburg,Sonoma,Healdsburg,Sonoma,38.61046580000,-122.86916090000,1.00000000000,1867,0,334,959,1,1,2,2,2,2,3,3,5,5,7,9,11
Helltown,Butte,Helltown,Butte,39.81155030000,-121.65969720000,1.00000000000,0,0,0,0,150,0,0,0,0,0,0,0,0,0,0,0,0
Henley,Siskiyou,Henley,Siskiyou,41.90208380000,-122.56335860000,1.00000000000,0,0,0,0,90,0,0,0,0,0,0,0,0,0,0,0,0
Hill's Ferry,Stanislaus,Hills Ferry,Stanislaus,37.34882620000,-120.97965010000,0.99125364432,0,0,0,0,161,0,0,0,0,0,0,0,0,0,0,0,0
Hollister,San Benito,Hollister,San Benito,36.85245450000,-121.40160210000,1.00000000000,1874,0,0,0,1,1,1,2,3,4,4,5,6,8,11,19,34
Homer,Mono,Homer Mountain,San Bernardino,35.03444240000,-114.92052940000,0.90181010657,0,0,0,0,88,0,0,0,0,0,0,0,0,0,0,0,0
Homestead,San Joaquin,The Homestead,San Joaquin,37.93881320000,-121.28577910000,0.95555555556,0,0,0,0,367,637,0,0,0,0,0,0,0,0,0,0,0
Hoopa Valley Indian Res.,Klamath,Hoopa Valley Reservation,Humboldt,41.09925060000,-123.67255540000,0.72887549435,0,0,0,12,0,0,0,0,0,0,0,0,0,0,0,0,0
Hornitos,Mariposa,Hornitos,Mariposa,37.50215920000,-120.23824100000,1.00000000000,0,0,0,0,350,276,205,160,100,62,159,126,73,0,0,0,0
Horse Shoe Bar,Sutter,Horseshoe Lake,Sutter,38.77046680000,-121.67938270000,0.83050911695,0,125,0,0,0,0,0,0,0,0,0,0,0,0,0,0,0
Hot Spring,Placer,Heath Spring,Placer,39.24962660000,-120.40603530000,0.91419306820,0,0,0,0,56,0,0,0,0,0,0,0,0,0,0,0,0
Hot Spring Valley,Mono,Hot Spring,Mono,38.04813660000,-119.08108520000,0.95789473684,0,0,0,0,70,0,0,0,0,0,0,0,0,0,0,0,0
Howland Flat,Sierra,Howland Flat,Sierra,39.71489400000,-120.88661650000,1.00000000000,0,0,0,0,218,0,0,0,0,0,0,0,0,0,0,0,0
Hueneme,Ventura,Hueneme Canyon,Ventura,34.13167180000,-119.22288600000,0.96250000000,0,0,0,0,166,0,0,0,0,0,0,0,0,0,0,0,0
Humbug Canyon,Placer,Humbug Canyon,Placer,39.17934460000,-120.72660020000,1.00000000000,0,0,0,0,50,0,0,0,0,0,0,0,0,0,0,0,0
Humbug Valley,Plumas,Humbug Valley,Plumas,39.80128940000,-120.51271590000,1.00000000000,0,0,0,0,37,0,0,0,0,0,0,0,0,0,0,0,0
Igo,Shasta,Igo,Shasta,40.50542810000,-122.54167990000,1.00000000000,0,0,0,0,225,0,0,0,0,0,0,0,0,0,0,0,0
Illinois Canyon,El Dorado,Illinois Canyon,El Dorado,38.93017740000,-120.85854700000,1.00000000000,0,84,0,0,0,0,0,0,0,0,0,0,0,0,0,0,0
Independence,Inyo,Independence,Inyo,36.80271020000,-118.20009510000,1.00000000000,0,0,0,400,0,0,0,0,0,0,0,0,0,0,0,0,574
Indian,Lake,Indian Creek,Lake,38.99739580000,-122.55220220000,0.96363636364,0,0,0,0,293,0,0,0,0,0,0,0,0,0,0,0,0
Indian Creek,Trinity,Indian Creek,Trinity,40.65820100000,-122.91446900000,1.00000000000,0,0,200,183,0,0,0,0,0,0,0,0,0,0,0,0,0
Indian Diggings,El Dorado,Indian Diggings School,El Dorado,38.58074000000,-120.57687150000,0.98333333333,0,0,0,0,72,0,0,0,0,0,0,0,0,0,0,0,0
Inskip,Butte,Inskip,Butte,39.98988230000,-121.54108420000,1.00000000000,0,0,0,0,50,0,0,0,0,0,0,0,0,0,0,0,0
Ione,Amador,Ione,Amador,38.35269130000,-120.93271770000,1.00000000000,1953,0,0,0,636,806,0,0,0,0,0,1,1,2,2,7,7
Iowa Hill,Placer,Iowa Hill,Placer,39.10850910000,-120.85938230000,1.00000000000,0,0,0,0,456,0,0,0,0,0,0,0,0,0,0,0,0
Irish Creek,El Dorado,Irish Creek,El Dorado,38.82545690000,-120.84688050000,1.00000000000,0,252,0,0,0,0,0,0,0,0,0,0,0,0,0,0,0
Jackson,Amador,Jackson,Amador,38.34880240000,-120.77410180000,1.00000000000,1905,0,0,0,1,0,0,2,2,0,2,2,2,2,2,4,4
Jacksonville,Tuolumne,Jacksonville Post Office (historical),Tuolumne,0.00000000000,0.00000000000,0.91851851852,0,0,0,0,32,0,0,0,0,0,0,0,0,0,0,0,0
Jamestown,Tuolumne,Jamestown,Tuolumne,37.95325840000,-120.42269520000,1.00000000000,0,0,0,0,212,0,0,0,0,0,0,0,0,0,0,0,3
Jamison,Plumas,Jamison Creek,Plumas,39.82184140000,-120.66716560000,0.97333333333,0,0,0,0,150,0,0,0,0,0,0,0,0,0,0,0,0
Jenny Lind,Calaveras,Jenny Lind,Calaveras,38.09492160000,-120.86993710000,1.00000000000,0,0,0,0,54,0,0,0,0,0,0,0,0,0,0,0,0
Johnstown,Plumas,Johnson Creek,Plumas,40.32210750000,-121.20718730000,0.91135250042,0,0,0,0,50,0,0,0,0,0,0,0,0,0,0,0,0
Judsonville,Contra Costa,J F Kennedy Park,Contra Costa,37.92686890000,-122.33135930000,0.80933710647,0,0,0,0,301,0,0,0,0,0,0,0,0,0,0,0,0
Julian Mine,Placer,Julias Creek,Mendocino,39.83542960000,-123.80724420000,0.75603837348,0,0,0,0,63,0,0,0,0,0,0,0,0,0,0,0,0
Junction City,Trinity,Junction City,Trinity,40.73319900000,-123.05364020000,1.00000000000,0,0,0,440,0,0,0,0,0,0,0,0,0,0,0,0,0
Kelsey,El Dorado,Kelsey,El Dorado,38.79879070000,-120.82076850000,1.00000000000,0,714,0,0,30,0,0,0,0,0,0,0,0,0,0,0,0
Kernville,Kern,Kernville,Kern,35.75467320000,-118.42536270000,1.00000000000,0,0,0,0,490,0,0,0,0,0,0,0,0,0,2,2,2
Kimshew,Butte,Kimshew Point,Butte,39.90321670000,-121.45774760000,0.95000000000,0,0,0,0,99,0,0,0,0,0,0,0,0,0,0,0,0
Kingsburg,Fresno,Kingsburg,Fresno,36.51383980000,-119.55401750000,1.00000000000,1908,0,0,0,88,291,0,634,1,1,2,2,3,4,5,7,9
Knight's Ferry,Stanislaus,Knights Ferry,Stanislaus,37.81964990000,-120.67214940000,0.98730606488,0,0,0,0,191,0,0,0,0,0,0,0,0,0,0,0,0
Knights Landing,Yolo,Knights Landing,Yolo,38.79962380000,-121.71829700000,1.00000000000,0,0,0,0,367,287,0,0,0,0,0,0,0,0,0,0,0
Knoxville Mines,Lake,Lane Lake,Mono,38.29270220000,-119.54159030000,0.66458504708,0,0,0,164,0,0,0,0,0,0,0,0,0,0,0,0,0
Korbels,Sonoma,Korbel,Sonoma,38.50769040000,-122.96444200000,0.97676473373,0,0,0,0,42,0,0,0,0,0,0,0,0,0,0,0,0
La Grange,Stanislaus,La Grange,Stanislaus,37.66354330000,-120.46352890000,1.00000000000,0,0,0,0,145,0,0,0,0,0,0,0,0,0,0,0,0
"Lacy's Bar and vicinity, and Manhattan Bar",Sutter,Bardees Bar,Butte,39.76821760000,-121.45913530000,0.66661856232,0,420,0,0,0,0,0,0,0,0,0,0,0,0,0,0,0
Lake City,Modoc,Lake City,Modoc,41.64267080000,-120.21689260000,1.00000000000,0,0,0,0,121,0,0,0,0,0,0,0,0,0,0,0,0
Lake City,Nevada,Lake City,Nevada,39.35850580000,-120.94161430000,1.00000000000,0,0,0,0,121,0,0,0,0,0,0,0,0,0,0,0,0
Lake Valley,Placer,Lake Valley,Placer,39.29906860000,-120.58159770000,1.00000000000,0,0,0,0,20,0,0,0,0,0,0,0,0,0,0,0,0
Lakeport,Lake,Lakeport,Lake,39.04295060000,-122.91582930000,1.00000000000,0,0,0,248,562,991,726,870,1,1,1,2,2,3,4,4,5
Lakeville,Sonoma,Lakeville,Sonoma,38.19908400000,-122.54720430000,1.00000000000,0,0,0,0,46,0,0,0,0,0,0,0,0,0,0,0,0
Lancha Plana,Amador,Lancha Plana (historical),Amador,38.22464000000,-120.90188330000,0.98125000000,0,0,0,0,168,0,0,0,0,0,0,0,0,0,0,0,0
Langville,Yolo,Birch Lane Elementary School,Yolo,38.56046190000,-121.72718330000,0.81188761368,0,0,0,0,151,0,0,0,0,0,0,0,0,0,0,0,0
Laporte Village,Plumas,La Porte,Plumas,39.68211460000,-120.98412060000,0.74656188605,0,0,0,0,274,214,0,0,0,0,0,0,0,0,0,0,0
Last Chance,Placer,Last Chance,Placer,39.10906870000,-120.62798400000,1.00000000000,0,0,0,0,26,0,0,0,0,0,0,0,0,0,0,0,0
Latrobe,El Dorado,Latrobe,El Dorado,38.55962900000,-120.98383070000,1.00000000000,0,0,0,0,108,0,0,0,0,0,0,0,0,0,0,0,0
Leesville,Colusa,Leesville,Colusa,39.18933420000,-122.42359210000,1.00000000000,0,0,0,0,35,0,0,0,0,0,0,0,0,0,0,0,0
Lemoore,Kings,Lemoore,Kings,36.30078350000,-119.78291070000,1.00000000000,1900,0,0,0,463,651,0,1,1,1,2,2,3,4,9,14,20
Lewiston,Trinity,Lewiston,Trinity,40.70736810000,-122.80752270000,1.00000000000,0,0,0,338,0,0,0,0,0,0,0,0,0,0,0,1,1
Liberty,Fresno,Liberty School (historical),Fresno,36.47494970000,-119.82486100000,0.93333333333,0,0,0,0,228,0,0,0,0,0,0,0,0,0,0,0,0
Lincoln,Placer,Lincoln,Placer,38.89156500000,-121.29300790000,1.00000000000,1890,0,0,0,275,961,1,1,1,2,2,2,3,3,4,7,11
Little Lake,Mendocino,Little Lake Valley,Mendocino,39.39405260000,-123.32389840000,0.95000000000,0,0,0,0,49,0,0,0,0,0,0,0,0,0,0,0,0
Little River,Mendocino,Little River,Mendocino,39.27406510000,-123.79140300000,1.00000000000,0,0,0,158,0,243,0,0,0,0,0,0,0,0,0,0,0
Little York,Nevada,Little York (historical),Nevada,39.19517500000,-120.87716290000,0.97142857143,0,0,0,0,100,0,0,0,0,0,0,0,0,0,0,0,0
Livermore,Alameda,Livermore,Alameda,37.68187450000,-121.76800880000,1.00000000000,1876,0,0,0,855,1,1,2,2,0,3,4,16,38,48,57,73
Lockeford,San  Joaquin,Lockeford,San Joaquin,38.16352970000,-121.14994470000,1.00000000000,0,0,0,0,322,472,0,0,0,0,0,0,0,0,2,3,3
Lodi,San Joaquin,Lodi,San Joaquin,38.13019680000,-121.27244730000,1.00000000000,1906,0,0,0,606,1,0,3,5,7,11,14,22,29,35,52,57
Loganville,Sierra,Loganville,Sierra,39.56795460000,-120.66716180000,1.00000000000,0,0,0,0,83,0,0,0,0,0,0,0,0,0,0,0,0
Logtown & vicinity,El Dorado,Logtown,El Dorado,38.64407150000,-120.84604780000,0.95833333333,0,420,0,0,0,0,0,0,0,0,0,0,0,0,0,0,0
Lompoc,Santa Barbara,Lompoc,Santa Barbara,34.59692820000,-120.56266750000,1.00000000000,1888,0,0,0,226,1,972,1,2,3,3,6,14,25,26,38,41
Lone Pine,Inyo,Lone Pine,Inyo,36.60604440000,-118.06286540000,1.00000000000,0,0,0,458,0,0,0,0,0,0,0,1,1,1,2,2,2
Long Canyon,Placer,Long Canyon,Placer,38.99017890000,-120.68881660000,1.00000000000,0,0,0,0,25,0,0,0,0,0,0,0,0,0,0,0,0
Longville,Plumas,Longville,Plumas,40.14766270000,-121.24468690000,1.00000000000,0,0,0,0,50,0,0,0,0,0,0,0,0,0,0,0,0
Los Alamos,Santa Barbara,Los Alamos,Santa Barbara,34.78498110000,-120.32543580000,1.00000000000,0,0,0,0,47,0,0,0,0,0,0,0,0,0,0,0,1
Los Angeles,Los Angeles,Los Angeles,Los Angeles,34.05223420000,-118.24368490000,1.00000000000,1850,2,0,0,11,50,102,319,577,0,0,0,0,0,0,0,0
Los Gatos,Santa Clara,Los Gatos,Santa Clara,37.22661100000,-121.97467970000,1.00000000000,1887,0,0,0,555,2,2,2,2,3,4,5,9,23,27,27,29
Louisville and vicinity,El Dorado,Lyonsville,Tehama,40.30932510000,-121.73803920000,0.60088909169,0,420,0,0,0,0,0,0,0,0,0,0,0,0,0,0,0
Lovelock,Butte,Lovelock,Butte,39.89127190000,-121.57775120000,1.00000000000,0,0,0,0,100,0,0,0,0,0,0,0,0,0,0,0,0
Lowell Hill,Nevada,Lowell Hill,Nevada,39.26573190000,-120.79604970000,1.00000000000,0,0,0,0,100,0,0,0,0,0,0,0,0,0,0,0,0
Lower Lake,Lake,Lower Lake,Lake,38.91045460000,-122.61026140000,1.00000000000,0,0,965,692,259,0,0,0,0,0,0,0,0,0,1,1,2
Loyalton,Sierra,Loyalton,Sierra,39.67629360000,-120.24103850000,1.00000000000,1901,0,0,0,84,0,0,983,442,0,925,911,936,945,1,931,862
Lundy,Mono,Lundy,Mono,38.02742320000,-119.24154350000,1.00000000000,0,0,0,0,100,0,0,0,0,0,0,0,0,0,0,0,0
Madera,Madera,Madera,Madera,36.96133560000,-120.06071760000,1.00000000000,1907,0,0,0,217,950,0,2,3,5,6,10,14,16,22,29,43
Main Prairie,Solano,Maine Prairie,Solano,38.30796770000,-121.75884700000,0.97349685156,0,0,0,160,0,0,0,0,0,0,0,0,0,0,0,0,0
Mammoth,Mono,Mammoth School,Mono,37.63882260000,-118.86485360000,0.96923076923,0,0,0,0,473,0,0,0,0,0,0,0,0,0,0,0,0
Mariposa,Mariposa,Mariposa,Mariposa,37.48493770000,-119.96628430000,1.00000000000,0,0,0,0,342,366,0,0,0,0,0,0,0,0,1,1,1
Markleeville,Alpine,Markleeville,Alpine,38.69490570000,-119.78017680000,1.00000000000,0,0,0,0,80,149,0,0,0,0,0,0,0,0,0,0,197
Martinez,Contra Costa,Martinez,Contra Costa,38.01936570000,-122.13413210000,1.00000000000,1876,0,0,560,0,2,1,2,4,7,7,8,10,17,23,32,36
Martis Creek,Nevada,Martis Creek Lake,Nevada,39.32019660000,-120.11404820000,0.97000000000,0,0,0,0,9,0,0,0,0,0,0,0,0,0,0,0,0
Marysville,Yuba,Marysville,Yuba,39.14572530000,-121.59135470000,1.00000000000,1851,0,0,0,4,4,3,5,5,6,7,8,10,9,10,12,12
Mathenias,El Dorado,El Corte de Madera,San Mateo,37.35771860000,-122.20746580000,0.79194580988,0,672,0,0,0,0,0,0,0,0,0,0,0,0,0,0,0
Mayfield,Santa Clara,Mayfield,Santa Clara,37.42632830000,-122.14218610000,1.00000000000,0,0,0,0,425,0,0,1,1,0,0,0,0,0,0,0,0
Mead Springs and vicinity,El Dorado,Elk Head,Humboldt,41.06790190000,-124.15812520000,0.60604113288,0,462,0,0,0,0,0,0,0,0,0,0,0,0,0,0,0
Meadow Lake,Nevada,Meadow Lake,Nevada,39.41278440000,-120.49503760000,1.00000000000,0,0,0,0,15,0,0,0,0,0,0,0,0,0,0,0,0
Merced,Merced,Merced,Merced,37.30216330000,-120.48296770000,1.00000000000,1889,0,0,0,1,2,2,3,4,7,10,15,20,23,36,56,64
Merced Falls,Merced,Merced Falls,Merced,37.52299180000,-120.33241150000,1.00000000000,0,0,0,0,150,0,0,0,0,0,0,0,0,0,0,0,0
Meridian,Sutter,Meridian,Sutter,39.14322540000,-121.91441530000,1.00000000000,0,0,0,0,196,0,0,0,0,0,0,0,0,0,0,0,0
Merrills,Tehama,Merrill School,Tehama,39.88876920000,-122.09304120000,0.95157494282,0,0,154,124,0,0,0,0,0,0,0,0,0,0,0,0,0
Michigan Bar,Sacramento,Michigan Bar,Sacramento,38.49935280000,-121.04549890000,1.00000000000,0,0,0,0,100,0,0,0,0,0,0,0,0,0,0,0,0
Michigan Bluff,Placer,Michigan Bluff,Placer,39.04295560000,-120.74131910000,1.00000000000,0,0,0,377,468,0,0,0,0,0,0,0,0,0,0,0,0
Middle Fork,Placer,Middle Fork American River,Placer,38.91517630000,-121.03716670000,0.91200000000,0,0,0,0,45,0,0,0,0,0,0,0,0,0,0,0,0
"Middle Fork, Am River",El Dorado,Middle Fork Eel River,Mendocino,39.71376670000,-123.35279200000,0.78786653941,0,2,0,0,0,0,0,0,0,0,0,0,0,0,0,0,0
Middletown Village,Lake,Middletown,Lake,38.75240450000,-122.61498530000,0.93333333333,0,0,0,0,271,327,0,0,0,0,0,0,0,0,0,0,0
Millbrae,San Mateo,Millbrae,San Mateo,37.59854680000,-122.38719420000,1.00000000000,1948,0,0,0,195,243,0,0,0,0,0,9,16,21,20,20,21
Millville,Shasta,Millville,Shasta,40.54931950000,-122.17527860000,1.00000000000,0,0,0,0,253,0,0,0,0,0,0,0,0,0,0,0,610
Milton,Calaveras,Milton,Calaveras,38.03186780000,-120.85215830000,1.00000000000,0,0,0,0,87,0,0,0,0,0,0,0,0,0,0,0,0
Mineral Park,Mono,Mineral Mountain,Alpine,38.52602060000,-119.62461660000,0.72572679918,0,0,0,0,17,0,0,0,0,0,0,0,0,0,0,0,0
Minersville,Trinity,Minersville (historical),Trinity,40.85125610000,-122.78307900000,0.96666666667,0,0,80,102,0,0,0,0,0,0,0,0,0,0,0,0,0
Mississippi Bar,Sacramento,Mississippi Bar,Sacramento,38.65018200000,-121.20300330000,1.00000000000,0,168,0,0,220,0,0,0,0,0,0,0,0,0,0,0,0
Missouri Canyon,El Dorado,Missouri Canyon,El Dorado,38.95962220000,-120.77965360000,1.00000000000,0,84,0,0,0,0,0,0,0,0,0,0,0,0,0,0,0
Modesto,Stanislaus,Modesto,Stanislaus,37.63909720000,-120.99687820000,1.00000000000,1884,0,0,0,2,2,2,4,9,14,16,17,37,62,107,165,189
Mohawk Valley,Plumas,Mohawk Valley,Plumas,39.80628630000,-120.65522050000,1.00000000000,0,0,0,0,100,0,0,0,0,0,0,0,0,0,0,0,0
Mokelumne Hill,Calaveras,Mokelumne Hill,Calaveras,38.30047090000,-120.70632190000,1.00000000000,0,0,0,0,515,573,0,0,0,0,0,0,0,0,0,0,774
Monona Flat,Placer,Monona Flat,Placer,39.11989840000,-120.83299230000,1.00000000000,0,0,0,0,47,0,0,0,0,0,0,0,0,0,0,0,0
Monterey,Monterey,Monterey,Monterey,36.60023780000,-121.89467610000,1.00000000000,1889,1,0,0,1,2,2,5,5,9,10,16,23,26,28,32,30
Montezuma,Solano,Montezuma,Solano,38.09047420000,-121.87273670000,1.00000000000,0,0,315,0,0,0,0,0,0,0,0,0,0,0,0,0,0
Montezuma,Tuolumne,Montezuma,Tuolumne,37.90464840000,-120.45352960000,1.00000000000,0,0,315,0,0,0,0,0,0,0,0,0,0,0,0,0,0
Monticello,Napa,Monticello (historical),Napa,38.57768430000,-122.20719700000,0.96666666667,0,0,0,0,102,0,0,0,0,0,0,0,0,0,0,0,0
Moore's Flat,Nevada,Moores Flat,Nevada,39.41906310000,-120.85077810000,0.98445595855,0,0,0,0,459,0,0,0,0,0,0,0,0,0,0,0,0
Morman Bar,Sutter,Mormon Bar,Mariposa,37.46216070000,-119.94794910000,0.75917378675,0,42,0,0,0,0,0,0,0,0,0,0,0,0,0,0,0
Mormon Island,Sacramento,Mormon Island Dam,Sacramento,38.69879190000,-121.11855680000,0.96363636364,0,252,0,0,0,0,0,0,0,0,0,0,0,0,0,0,0
Morro,San Luis Obispo,Morro Creek,San Luis Obispo,35.37636300000,-120.86434630000,0.98000000000,0,0,0,0,183,0,0,0,0,0,0,0,0,0,0,0,0
Mosquito Canyon,El Dorado,Mosquito Creek,El Dorado,38.78018020000,-120.75826610000,0.86349206349,0,116,0,0,0,0,0,0,0,0,0,0,0,0,0,0,0
Mount Pleasant,Plumas,Mount Pleasant,Plumas,39.96294350000,-121.16690590000,1.00000000000,0,0,0,0,99,0,0,0,0,0,0,0,0,0,0,0,0
Mount Pleasant,Placer,Mount Pleasant Canyon,Placer,39.05795410000,-120.84493600000,0.96842105263,0,0,0,0,99,0,0,0,0,0,0,0,0,0,0,0,0
Murphys,Calaveras,Murphys,Calaveras,38.13742020000,-120.45964370000,1.00000000000,0,0,0,0,384,580,0,0,0,0,0,0,0,0,1,2,2
Mystic,Nevada,Mystic,Nevada,39.43740860000,-120.01992080000,1.00000000000,0,0,0,0,19,0,0,0,0,0,0,0,0,0,0,0,0
Napa,Napa,Napa,Napa,38.34157990000,-122.33997610000,1.00000000000,1872,159,0,0,4,4,4,6,7,6,8,14,22,36,51,62,73
Nashville,El Dorado,Nashville,El Dorado,38.57879520000,-120.84521450000,1.00000000000,0,0,0,0,47,0,0,0,0,0,0,0,0,0,0,0,0
National City,San Diego,National City,San Diego,32.67810850000,-117.09919670000,1.00000000000,1887,0,0,0,248,1,1,2,3,7,10,21,33,43,49,54,54
Navarro,Mendocino,Navarro,Mendocino,39.15184260000,-123.54195550000,1.00000000000,0,0,0,315,0,202,0,0,0,0,0,0,0,0,0,0,0
Negro Bar,Sacramento,Negro Bar,Sacramento,38.68018120000,-121.18466960000,1.00000000000,0,336,0,0,0,0,0,0,0,0,0,0,0,0,0,0,0
Nevada City,Nevada,Nevada City,Nevada,39.26156060000,-121.01605940000,1.00000000000,1856,3,0,0,4,3,3,3,2,2,2,3,2,2,2,3,3
New Almaden Hacienda,Santa Clara,New Almaden,Santa Clara,37.17605670000,-121.82078550000,0.94482758621,0,0,0,0,275,0,0,0,0,0,0,0,0,0,0,0,0
New Almaden Hill,Santa Clara,New Almaden,Santa Clara,37.17605670000,-121.82078550000,0.96800000000,0,0,0,0,993,0,0,0,0,0,0,0,0,0,0,0,0
"New England Co., Chase's Ranch & C.",Sutter,Cox Rnach,Shasta,41.03238020000,-121.89332870000,0.77485030375,0,42,0,0,0,0,0,0,0,0,0,0,0,0,0,0,0
Newark,Alameda,Newark,Alameda,37.52965930000,-122.04023990000,1.00000000000,1955,0,0,0,179,0,0,0,0,0,0,2,10,27,32,38,42
Newcastle,Placer,Newcastle,Placer,38.87406580000,-121.13328060000,1.00000000000,0,0,0,551,162,335,0,0,0,0,0,0,0,0,0,0,0
Newhall,Los Angeles,Newhall,Los Angeles,34.38471980000,-118.53091900000,1.00000000000,0,0,0,0,61,0,0,0,0,0,0,3,5,10,12,0,0
Newtown,Nevada,Newtown,Nevada,39.25267140000,-121.10328530000,1.00000000000,0,672,0,0,0,0,0,0,0,0,0,0,0,0,0,0,0
Newville,Colusa,Newville,Glenn,39.79098900000,-122.52833020000,0.67379679144,0,0,0,0,105,0,0,0,0,0,0,0,0,0,0,0,0
Nicassio,Marin,Nicasio,Marin,38.09797730000,-122.79193510000,0.96939873140,0,0,0,592,0,0,0,0,0,0,0,0,0,0,0,0,0
Nicolaus,Sutter,Nicolaus,Sutter,38.90323050000,-121.57773850000,1.00000000000,0,0,0,0,136,0,0,0,0,0,0,0,0,0,0,0,0
Niles,Alameda,Niles Canyon,Alameda,37.58049050000,-121.96523770000,0.96250000000,0,0,0,0,136,0,0,0,0,0,0,2,0,0,0,0,0
North Bloomfield,Nevada,North Bloomfield,Nevada,39.36822890000,-120.89939030000,1.00000000000,0,0,0,0,724,497,0,0,0,0,0,0,0,0,0,0,0
North Colombia,Nevada,North Columbia,Nevada,39.37267130000,-120.98717230000,0.98361774701,0,0,0,0,290,0,0,0,0,0,0,0,0,0,0,0,0
North San Juan,Nevada,North San Juan,Nevada,39.36933650000,-121.10384340000,1.00000000000,0,0,0,0,656,303,0,0,0,0,0,0,0,0,0,0,0
Notoma,Sacramento,Natoma,Sacramento,38.65490410000,-121.18133620000,0.96555812494,0,0,654,0,0,0,0,0,0,0,0,0,0,0,0,0,0
Noyo,Mendocino,Noyo,Mendocino,39.42822390000,-123.80334880000,1.00000000000,0,0,0,80,0,0,0,0,0,0,0,0,0,0,0,0,0
Oakdale,Stanislaus,Oakdale,Stanislaus,37.76659470000,-120.84715450000,1.00000000000,1906,0,0,0,376,1,0,1,2,2,3,4,5,7,8,12,16
Oakland,Alameda,Oakland,Alameda,37.80437220000,-122.27080260000,1.00000000000,1852,0,0,0,35,49,67,150,216,284,302,385,368,362,339,372,399
Occidental,Sonoma,Occidental,Sonoma,38.40741460000,-122.94833070000,1.00000000000,0,0,0,0,97,0,0,0,0,0,0,0,0,0,0,1,1
Old Mountain View,Santa Clara,Mountain View,Santa Clara,37.38605170000,-122.08385110000,0.94782608696,0,0,0,0,125,0,0,0,0,0,0,0,0,0,0,0,0
Ophir,Butte,Ophir,Placer,38.89100990000,-121.12355820000,0.65972850679,0,0,645,0,0,0,0,0,0,0,0,0,0,0,0,0,0
Ophir,Placer,Ophir,Placer,38.89100990000,-121.12355820000,1.00000000000,0,0,645,0,0,0,0,0,0,0,0,0,0,0,0,0,0
Orange,Orange,Orange,Orange,33.78779450000,-117.85311190000,1.00000000000,1888,0,0,0,679,866,1,3,5,8,8,10,26,77,91,111,129
Oregon Bar and Rock Spring,Sutter,Berg,Sutter,39.18072470000,-121.62746750000,0.81358349504,0,42,0,0,0,0,0,0,0,0,0,0,0,0,0,0,0
Oregon Canyon,El Dorado,Oregon Canyon,El Dorado,38.92851080000,-120.85354670000,1.00000000000,0,126,0,0,0,0,0,0,0,0,0,0,0,0,0,0,0
Orland,Glenn,Orland,Glenn,39.74738030000,-122.19637480000,1.00000000000,1909,0,0,0,292,440,0,836,2,1,1,2,3,3,4,5,6
Oroville,Butte,Oroville,Butte,39.51377520000,-121.55635900000,1.00000000000,1906,0,0,0,2,2,0,4,3,4,4,5,6,8,9,12,13
Pacheco,Contra Costa,Pacheco,Contra Costa,37.98353320000,-122.07524130000,1.00000000000,0,0,0,0,400,232,0,0,0,0,0,0,2,0,0,3,4
Pajaro,Monterey,Pajaro,Monterey,36.90412010000,-121.74856090000,1.00000000000,0,0,593,761,0,0,0,0,0,0,0,1,1,1,1,3,3
Pala Valley Indian Reservation,San Diego,Pala Reservation,San Diego,33.35930960000,-117.04680940000,0.93548387097,0,0,0,46,0,0,0,0,0,0,0,0,0,0,0,0,0
Paradise Ridge,Butte,Paradise,Butte,39.75960610000,-121.62191770000,0.94666666667,0,0,0,0,299,0,0,0,0,0,0,0,0,0,0,0,0
Pasadena,Los Angeles,Pasadena,Los Angeles,34.14778490000,-118.14451550000,1.00000000000,1886,0,0,0,391,5,9,30,45,76,82,105,116,113,118,132,134
Penryn,Placer,Penryn,Placer,38.85212170000,-121.16939260000,1.00000000000,0,0,0,0,238,210,0,0,0,0,0,0,0,0,0,0,0
Peru & vicinity,El Dorado,El Prado,Fresno,36.06273300000,-120.15597320000,0.68881610770,0,168,0,0,0,0,0,0,0,0,0,0,0,0,0,0,0
Pescadero,San Mateo,Pescadero,San Mateo,37.25494430000,-122.38136270000,1.00000000000,0,0,0,0,238,221,0,0,0,0,0,0,0,0,0,0,0
Petaluma,Sonoma,Petaluma,Sonoma,38.26130450000,-122.53692730000,1.00000000000,1858,0,0,0,3,4,4,6,6,8,8,10,14,25,34,43,55
Pilot Hill & vicinity,El Dorado,Pilot Hill,El Dorado,38.83490010000,-121.01438780000,0.96000000000,0,420,0,0,0,0,0,0,0,0,0,0,0,0,0,0,0
Pine City,Mono,Pine City Campground,Mono,37.60380000000,-118.99990000000,0.95294117647,0,0,0,0,17,0,0,0,0,0,0,0,0,0,0,0,0
Pine Grove,Amador,Pine Grove,Amador,38.41296680000,-120.65881960000,1.00000000000,0,0,0,0,104,0,0,0,0,0,0,0,0,0,0,0,0
Pine Grove,Shasta,Pine Grove,Shasta,40.66487260000,-122.35334110000,1.00000000000,0,0,0,0,104,0,0,0,0,0,0,0,0,0,0,0,0
Pino,Placer,Pine Land,Placer,39.13657370000,-120.15852480000,0.90121456695,0,0,0,191,0,0,0,0,0,0,0,0,0,0,0,0,0
Placerville,El Dorado,Placerville,El Dorado,38.72962520000,-120.79854600000,1.00000000000,1854,0,0,0,2,2,2,2,2,2,3,4,4,5,7,8,10
Placerville & Vicinity,El Dorado,Placerville,El Dorado,38.72962520000,-120.79854600000,0.95454545455,0,6,0,0,0,0,0,0,0,0,0,0,0,0,0,0,0
Pleasant Hill & vicinity,El Dorado,Pleasant Valley,El Dorado,38.68296000000,-120.66298540000,0.73872180451,0,378,0,0,0,0,0,0,0,0,0,0,0,0,0,0,0
Plymouth,Amador,Plymouth,Amador,38.48185310000,-120.84465900000,1.00000000000,1917,0,0,0,740,768,0,0,657,343,460,382,489,501,699,811,980
Point Arena,Mendocino,Point Arena,Mendocino,38.95574240000,-123.74140860000,1.00000000000,1908,0,0,0,198,709,0,497,394,385,374,372,596,424,425,407,474
Porterville,Tulare,Porterville,Tulare,36.06523000000,-119.01676790000,1.00000000000,1902,0,0,0,202,606,0,3,4,5,6,7,8,13,20,30,40
Princeton,Colusa,Princeton,Colusa,39.40321920000,-122.00997500000,1.00000000000,0,0,0,132,0,0,0,0,0,0,0,0,0,0,0,0,0
Punta Arenas,Mendocino,Point Arena,Mendocino,38.95574240000,-123.74140860000,0.93669861250,0,0,0,956,0,0,0,0,0,0,0,0,0,0,0,0,0
Putah,Yolo,Putah Creek,Yolo,38.54323980000,-121.69746010000,0.97647058824,0,0,707,0,0,0,0,0,0,0,0,0,0,0,0,0,0
Quincy-East Quincy,Plumas,East Quincy,Plumas,39.93405910000,-120.89800830000,0.93333333333,0,0,192,208,432,546,0,0,0,0,0,1,3,3,4,4,2
Rattlesnake Bar and James Point,Sutter,James Brothers Airport,Sutter,38.83613580000,-121.52971810000,0.69905352135,0,206,0,0,0,0,0,0,0,0,0,0,0,0,0,0,0
Red Bluff,Tehama,Red Bluff,Tehama,40.17848860000,-122.23583020000,1.00000000000,1876,0,0,992,2,3,3,4,3,4,4,5,7,8,9,12,13
Redding,Shasta,Redding,Shasta,40.58653960000,-122.39167540000,1.00000000000,1887,0,0,0,600,2,3,4,3,4,8,10,13,17,42,66,81
Redwood City,San Mateo,Redwood City,San Mateo,37.48521520000,-122.23635480000,1.00000000000,1868,0,0,727,1,2,2,2,4,9,12,26,46,56,55,66,75
Ringold & vicinity,El Dorado,Ringgold Creek,El Dorado,38.70351470000,-120.79299020000,0.82615752084,0,253,0,0,0,0,0,0,0,0,0,0,0,0,0,0,0
Rio Vista,Solano,Rio Vista,Solano,38.15575020000,-121.69134390000,1.00000000000,1894,0,0,319,666,648,682,884,1,1,2,2,3,3,3,3,5
Rocklin,Placer,Rocklin,Placer,38.79073390000,-121.23578280000,1.00000000000,1893,0,0,542,624,1,1,1,643,724,795,1,1,3,7,19,36
Roseville,Placer,Roseville,Placer,38.75212350000,-121.28800590000,1.00000000000,1909,0,0,115,258,345,0,3,4,6,7,9,13,18,24,45,80
Rough and Ready,Nevada,Rough and Ready,Nevada,39.23017150000,-121.13606420000,1.00000000000,0,672,0,0,2,1,0,0,0,0,0,0,0,0,0,0,0
Round Valley Indian Reservation,Mendocino,Round Valley Reservation,Mendocino,39.89256930000,-123.32892120000,0.95714285714,0,0,0,15,0,0,0,0,0,0,0,0,0,0,0,0,0
Sacramento,Sacramento,Sacramento,Sacramento,38.58157190000,-121.49439960000,1.00000000000,1850,7,0,0,21,26,29,45,66,94,106,138,192,257,276,369,407
Saint Louis,Sierra,Saint Louis,Sierra,39.69850460000,-120.92495140000,1.00000000000,0,0,0,0,94,0,0,0,0,0,0,0,0,0,0,0,0
Salinas,Monterey,Salinas,Monterey,36.67773720000,-121.65550130000,1.00000000000,1874,0,0,599,2,2,3,4,4,10,12,14,29,59,80,109,151
Salmon Falls,El Dorado,Salmon Falls,El Dorado,38.75906820000,-121.06994460000,1.00000000000,0,210,0,0,0,0,0,0,0,0,0,0,0,0,0,0,0
Salt River,Sonoma,Salt Creek,Sonoma,38.49018740000,-122.56887150000,0.78431372549,0,0,243,0,0,0,0,0,0,0,0,0,0,0,0,0,0
San Andreas,Calaveras,San Andreas,Calaveras,38.19602980000,-120.68048720000,1.00000000000,0,0,0,0,597,462,2,0,0,0,0,1,1,2,2,2,3
San Antonio,Monterey,Lake San Antonio,Monterey,35.85647650000,-120.97637630000,0.96250000000,0,0,281,761,0,0,0,0,0,0,0,0,0,0,0,0,0
San Bernardino,San Bernardino,San Bernardino,San Bernardino,34.08862350000,-117.28059800000,1.00000000000,1869,0,940,0,2,4,6,13,19,37,44,63,92,107,119,164,185
San Diego,San Diego,San Diego,San Diego,32.71532920000,-117.15725510000,1.00000000000,1850,0,731,0,3,16,18,40,74,148,203,334,573,697,876,0,0
San Francisco,San Francisco,San Francisco,San Francisco,37.77492950000,-122.41941550000,1.00000000000,1850,0,0,0,234,299,343,417,507,634,635,775,740,716,679,724,777
San Gregorio,San Mateo,San Gregorio,San Mateo,37.33827500000,-122.29941390000,1.00000000000,0,0,0,0,26,0,0,0,0,0,0,0,0,0,0,0,0
San Jacinto,Riverside,San Jacinto,Riverside,33.78390840000,-116.95863500000,1.00000000000,1888,0,0,92,0,661,583,898,945,1,1,2,3,4,7,16,24
San Jose,Santa Clara,San Jose,Santa Clara,37.33938570000,-121.89495550000,1.00000000000,1850,0,0,0,13,18,22,29,40,58,68,95,204,460,630,782,895
San Jose Mission,Alameda,Mission San Jose Park,Alameda,37.52771430000,-121.92356970000,0.97272727273,0,0,0,0,246,0,0,0,0,0,0,0,0,0,0,0,0
San Juan Bautista,San Benito,San Juan Bautista,San Benito,36.84551080000,-121.53799740000,1.00000000000,1896,0,0,0,484,463,449,326,501,0,678,1,1,1,1,2,2
San Juan Capistrano,Orange,San Juan Capistrano,Orange,33.50169320000,-117.66255090000,1.00000000000,1961,0,0,0,376,0,0,0,0,0,0,0,1,4,19,26,34
San Leandro,Alameda,San Leandro,Alameda,37.70187480000,-122.15413220000,1.00000000000,1872,0,0,426,1,0,2,3,6,11,15,28,66,69,64,68,79
San Lorenzo,Alameda,San Lorenzo,Alameda,37.70993000000,-122.07357400000,1.00000000000,0,0,0,0,158,0,0,0,0,0,0,0,24,25,21,20,22
San Luis Obispo,San Luis Obispo,San Luis Obispo,San Luis Obispo,35.28275240000,-120.65961560000,1.00000000000,1856,0,0,0,2,3,3,5,6,8,9,14,20,28,34,42,44
San Mateo,San Mateo,San Mateo,San Mateo,37.56438080000,-122.35163760000,1.00000000000,1894,0,0,0,932,0,2,4,6,13,19,42,70,79,78,85,92
San Pasqual Indian Reservation,San Diego,San Pasqual Reservation,San Diego,33.21134320000,-116.96111130000,0.95862068966,0,0,0,117,0,0,0,0,0,0,0,0,0,0,0,0,0
San Rafael,Marin,San Rafael,Marin,37.97353460000,-122.53108740000,1.00000000000,1874,0,0,841,2,3,4,6,6,8,9,14,20,39,45,48,56
San Ramon,Contra Costa,San Ramon,Contra Costa,37.80353780000,-121.97940430000,1.00000000000,1983,0,0,0,75,0,0,0,0,0,0,0,0,4,22,35,45
Santa Ana,Orange,Santa Ana,Orange,33.74557310000,-117.86783380000,1.00000000000,1886,0,0,0,711,4,5,8,15,30,32,46,100,156,204,294,338
Santa Barbara,Santa Barbara,Santa Barbara,Santa Barbara,34.42083050000,-119.69819010000,1.00000000000,1850,0,0,0,3,6,7,12,19,34,35,45,59,70,74,86,92
Santa Clara,Santa Clara,Santa Clara,Santa Clara,37.35410800000,-121.95523560000,1.00000000000,1857,0,0,0,2,3,4,4,5,6,7,12,59,86,88,94,102
Santa Cruz,Santa Cruz,Santa Cruz,Santa Cruz,36.97411710000,-122.03079630000,1.00000000000,1866,0,950,0,4,6,6,11,11,14,17,22,26,32,41,49,55
Santa Monica,Los Angeles,Santa Monica,Los Angeles,34.01945430000,-118.49119120000,1.00000000000,1886,0,0,0,417,2,3,8,15,37,54,72,83,88,88,87,84
Santa Paula,Ventura,Santa Paula,Ventura,34.35416590000,-119.05927050000,1.00000000000,1902,0,0,0,188,1,0,2,4,7,9,11,13,18,21,25,29
Santa Rosa,Sonoma,Santa Rosa,Sonoma,38.44046750000,-122.71443140000,1.00000000000,1868,0,0,0,4,5,7,8,9,11,13,18,31,50,83,113,148
Saratoga,Santa Clara,Saratoga,Santa Clara,37.26383240000,-122.02301460000,1.00000000000,1956,0,0,0,297,0,0,0,0,0,0,1,15,27,29,28,30
Sausalito,Marin,Sausalito,Marin,37.85909380000,-122.48525070000,1.00000000000,1893,0,0,0,476,1,2,2,3,4,4,5,5,6,7,7,7
Sawyers Bar,Klamath,Sawyers Bar,Siskiyou,41.29735870000,-123.13032030000,0.75428571429,0,0,0,160,0,0,0,0,0,0,0,0,0,0,0,0,0
Sawyers Bar,Siskiyou,Sawyers Bar,Siskiyou,41.29735870000,-123.13032030000,1.00000000000,0,0,0,160,0,0,0,0,0,0,0,0,0,0,0,0,0
Sebastopol,Nevada,Sebastopol,Nevada,39.36266980000,-121.12106610000,1.00000000000,0,0,0,0,165,0,0,0,0,0,0,0,0,0,0,0,0
Sebastopol,Sonoma,Sebastopol,Sonoma,38.40213590000,-122.82388060000,1.00000000000,0,0,0,0,165,0,0,0,0,0,0,0,0,0,0,0,0
Shasta,Siskiyou,Shasta Springs,Siskiyou,41.24682040000,-122.26111930000,0.93333333333,0,0,0,0,34,0,0,0,0,0,0,0,0,0,0,0,0
Shaws Flat,Tuolumne,Shaws Flat,Tuolumne,38.00770160000,-120.40936140000,1.00000000000,0,0,0,0,136,0,0,0,0,0,0,0,0,0,0,0,0
Sheridan,Placer,Sheridan,Placer,38.97961790000,-121.37551140000,1.00000000000,0,0,0,0,125,0,0,0,0,0,0,0,0,0,0,0,0
Shingle Springs,El Dorado,Shingle Springs,El Dorado,38.66573750000,-120.92605090000,1.00000000000,0,0,0,0,126,0,0,0,0,0,0,0,0,0,1,2,3
Sierra Butte Mines,Sierra,Sierra Buttes Mine,Sierra,39.57489940000,-120.64271660000,0.96731000577,0,0,0,0,247,0,0,0,0,0,0,0,0,0,0,0,0
Sierra City,Sierra,Sierra City,Sierra,39.56573290000,-120.63382730000,1.00000000000,0,0,0,0,401,632,0,0,0,0,0,0,0,0,0,0,0
Sierra Valley,Sierra,Sierraville,Sierra,39.58962560000,-120.36743010000,0.88128055425,0,0,0,0,350,0,0,0,0,0,0,0,0,0,0,0,0
Sierraville,Sierra,Sierraville,Sierra,39.58962560000,-120.36743010000,1.00000000000,0,0,0,0,126,0,0,0,0,0,0,0,0,0,0,0,0
Silver Mountain,Alpine,Silver Mountain (historical),Alpine,38.60518490000,-119.76934380000,0.96666666667,0,0,0,0,26,0,0,0,0,0,0,0,0,0,0,0,0
Silveyville,Solano,Silveyville Cemetery,Solano,38.43768650000,-121.82385130000,0.95238095238,0,0,0,279,0,0,0,0,0,0,0,0,0,0,0,0,0
Slate Creek,El Dorado,Slate Creek,El Dorado,38.57851740000,-120.91049460000,1.00000000000,0,42,0,0,0,0,0,0,0,0,0,0,0,0,0,0,0
Smartville,Yuba,Smartsville,Yuba,39.20739320000,-121.29857010000,0.98150408645,0,0,0,0,372,0,0,0,0,0,0,0,0,0,0,0,0
Smith's Bar and Long Bar,Sutter,Long Bridge,Sutter,39.14822510000,-121.83830390000,0.84212237895,0,84,0,0,0,0,0,0,0,0,0,0,0,0,0,0,0
Smith's Flat,El Dorado,Smith Flat School,El Dorado,38.73573630000,-120.75298860000,0.97627635090,0,0,0,0,162,0,0,0,0,0,0,0,0,0,0,0,0
Snelling,Merced,Snelling,Merced,37.51910280000,-120.43741510000,1.00000000000,0,0,0,0,187,0,0,0,0,0,0,0,0,0,0,0,0
Soledad,Monterey,Soledad,Monterey,36.42468700000,-121.32631870000,1.00000000000,1921,0,0,265,136,217,0,0,0,594,861,2,3,4,3,7,11
Sonoma,Sonoma,Sonoma,Sonoma,38.29185900000,-122.45803560000,1.00000000000,1900,0,597,0,0,757,652,957,801,980,1,2,3,4,6,8,9
Sonora,Tuolumne,Sonora,Tuolumne,37.98409110000,-120.38213810000,1.00000000000,1851,0,0,0,1,1,2,2,2,2,2,2,3,3,3,4,4
Soquel,Santa Cruz,Soquel,Santa Cruz,36.98800570000,-121.95662670000,1.00000000000,0,0,0,0,328,3,3,0,0,0,0,0,0,6,6,9,5
Soscol,Napa,Suscol,Napa,38.24380500000,-122.28497300000,0.96680682393,0,0,0,0,332,0,0,0,0,0,0,0,0,0,0,0,0
South Fork of American River,El Dorado,South Fork American River,El Dorado,36.77328420000,-121.03991350000,0.98125000000,0,1,0,0,0,0,0,0,0,0,0,0,0,0,0,0,0
Spanish Canyon,El Dorado,Spanish Creek,El Dorado,38.57435070000,-120.78076770000,0.85588235294,0,373,0,0,0,0,0,0,0,0,0,0,0,0,0,0,0
Spanishtown,San Mateo,Spanish Ranch Creek,San Mateo,37.34799670000,-122.26913470000,0.88782114050,0,0,0,0,461,0,0,0,0,0,0,0,0,0,0,0,0
Spring Valley,Colusa,Spring Valley,Colusa,39.09989280000,-122.21941910000,1.00000000000,0,0,283,850,0,0,0,0,0,0,0,0,0,0,0,0,0
Spring Valley,San Diego,Spring Valley,San Diego,32.69060880000,-117.01280440000,1.00000000000,0,0,283,850,0,0,0,0,0,0,0,0,0,0,0,0,0
Springfield,Tuolumne,Springfield,Tuolumne,38.02075670000,-120.41241730000,1.00000000000,0,0,0,0,44,0,0,0,0,0,0,0,0,0,0,0,0
Springville,Humboldt,Springville,Tulare,36.13022650000,-118.81814950000,0.65972850679,0,0,0,0,163,0,0,0,0,0,0,0,0,0,0,0,1
St. Helena,Napa,KVYN-FM (St. Helena),Napa,38.42602180000,-122.32692090000,0.91904761905,0,0,0,0,1,2,2,2,1,2,2,2,3,3,5,5,6
State Insane Asylum,Napa,Asylum,Mendocino,39.13350460000,-123.20056060000,0.66000000000,1956,0,0,0,877,0,0,0,0,0,0,0,0,0,0,0,0
Stockton,San Joaquin,Stockton,San Joaquin,37.95770160000,-121.29077960000,1.00000000000,0,0,0,0,10,14,18,23,40,48,55,71,86,110,148,211,244
Stockton Homestead,San Joaquin,Stockton,San Joaquin,37.95770160000,-121.29077960000,0.92380952381,1850,0,0,0,367,656,0,0,0,0,0,0,0,0,0,0,0
Stoney Creek,Tehama,Lower Stony Creek Recreation Area,Tehama,39.81904560000,-122.32526910000,0.86917830561,0,0,0,76,0,0,0,0,0,0,0,0,0,0,0,0,0
Sucker Flat,Placer,Succor Flat,Placer,39.12045450000,-120.80465760000,0.90341033348,0,0,0,0,21,0,0,0,0,0,0,0,0,0,0,0,0
Suisun City,Solano,Suisun,Solano,38.26213600000,-122.07996760000,0.95555555556,0,0,0,462,554,499,625,641,769,905,706,946,2,3,11,23,26
Summit,Placer,Summit Valley,Placer,39.31323800000,-120.35909090000,0.94285714286,1868,0,0,0,28,0,0,0,0,0,0,0,0,0,0,0,0
Sumner,Kern,Sumner Ridge,Lake,39.26266480000,-122.84443860000,0.68666666667,0,0,0,0,242,0,0,0,0,0,0,0,0,0,0,0,0
Sunnysouth,Placer,Sunny South,Placer,39.09684490000,-120.71243080000,0.93457851240,0,0,0,0,145,0,0,0,0,0,0,0,0,0,0,0,0
Sutter Creek,Amador,Sutter Creek,Amador,38.35963550000,-120.99299720000,1.00000000000,0,0,0,0,1,1,0,0,920,0,1,1,1,2,2,2,2
Sweetland,Nevada,Sweetland,Nevada,39.34294790000,-121.12023240000,1.00000000000,1913,0,0,0,247,0,0,0,0,0,0,0,0,0,0,0,0
Tahoe City,Placer,Tahoe City,Placer,39.17212910000,-120.13880310000,1.00000000000,0,0,0,0,32,0,0,0,0,0,0,0,0,1,0,0,0
Taylorsville,Plumas,Taylorsville,Plumas,40.07544770000,-120.83967520000,1.00000000000,0,0,0,176,0,0,0,0,0,0,0,0,0,0,0,0,154
Tehachapi,Kern,Tehachapi,Kern,35.13218780000,-118.44897390000,1.00000000000,0,0,0,0,255,0,0,385,458,736,1,2,3,4,4,6,11
Tehama,Tehama,Tehama,Tehama,40.02710150000,-122.12332280000,1.00000000000,1909,0,0,0,328,0,0,221,196,190,175,314,261,317,365,401,432
Temecula,Riverside,Temecula,Riverside,33.48780600000,-117.14114240000,1.00000000000,1906,0,839,0,0,0,0,0,0,0,0,0,0,0,2,27,58
Ten-Mile River,Mendocino,Ten Mile River,Mendocino,39.55266270000,-123.76696040000,1.00000000000,0,0,0,80,0,0,0,0,0,0,0,0,0,0,0,0,0
Texas Diggings,Placer,Texas Hill,Placer,39.23573460000,-120.64326520000,0.70000000000,0,0,0,0,34,0,0,0,0,0,0,0,0,0,0,0,0
Timbuctoo,Yuba,Timbuctoo,Yuba,39.21683730000,-121.31857090000,1.00000000000,0,0,0,0,86,0,0,0,0,0,0,0,0,0,0,0,0
Toadtown,Butte,Toadtown,Butte,39.88793860000,-121.59052930000,1.00000000000,0,0,0,0,50,0,0,0,0,0,0,0,0,0,0,0,0
Todd's Valley,Placer,Todd Valley,Placer,38.99795430000,-120.85160170000,0.94782608696,0,0,0,0,226,0,0,0,0,0,0,0,0,0,0,0,0
Toome's Grant,Tehama,Grant,Sonoma,38.59018810000,-122.84777090000,0.83994985623,0,0,0,40,0,0,0,0,0,0,0,0,0,0,0,0,0
Towles,Placer,Towle,Placer,39.20406550000,-120.79910390000,0.97300526399,1921,0,0,0,225,317,0,0,0,0,0,0,0,0,0,0,0
Trinidad,Humboldt,Trinidad,Humboldt,41.05929100000,-124.14312460000,1.00000000000,0,0,166,160,104,0,0,0,0,107,94,188,289,300,379,362,311
Trinity Centre,Trinity,Trinity Center,Trinity,40.98320110000,-122.69974410000,0.97424288420,1870,0,240,160,0,0,0,0,0,0,0,0,0,0,0,0,0
Trinity River,Trinity,Trinity River Campground,Trinity,41.11264600000,-122.70724550000,0.95294117647,0,204,0,0,0,0,0,0,0,0,0,0,0,0,0,0,0
Truckee,Nevada,Truckee,Nevada,39.32796200000,-120.18325330000,1.00000000000,0,0,0,0,1,1,0,0,0,0,0,1,0,1,2,3,14
Truckee River,Placer,Truckee River,Washoe,39.85740870000,-119.44795650000,0.72480818414,1993,0,0,0,38,0,0,0,0,0,0,0,0,0,0,0,0
Tulare,Tulare,Tulare,Tulare,36.20772880000,-119.34733790000,1.00000000000,0,0,120,0,447,3,2,3,4,6,8,12,14,16,23,33,44
Tule Indian Reservation,Tulare,Strathmore Indian Reservation (historical),Tulare,36.12634060000,-119.06732560000,0.74569616020,0,0,0,12,0,0,0,0,0,0,0,0,0,0,0,0,0
Turlock,Stanislaus,Turlock,Stanislaus,37.49465680000,-120.84659410000,1.00000000000,0,0,0,0,175,203,0,2,3,4,5,6,9,14,26,42,56
Tustin,Orange,Tustin,Orange,33.74585110000,-117.82616600000,1.00000000000,1908,0,0,0,227,0,0,0,0,926,953,1,2,21,32,51,68
Ukiah,Mendocino,Ukiah,Mendocino,39.15017090000,-123.20778310000,1.00000000000,0,0,0,0,933,2,2,2,2,3,4,6,10,10,12,15,15
Union,El Dorado,Union School,El Dorado,38.75129160000,-120.75965550000,0.97500000000,1876,588,320,0,68,0,0,0,0,0,0,0,0,0,0,0,0
Uniontown,Trinity,Uniontown Cemetery,El Dorado,38.79934570000,-120.91216130000,0.66523809524,1959,190,0,0,0,0,0,0,0,0,0,0,0,0,0,0,0
Upper Lake Village,Lake,Upper Lake,Lake,39.16461290000,-122.91055150000,0.93333333333,1906,0,0,0,147,296,0,0,0,0,0,0,0,0,0,0,0
Upper Placerville,El Dorado,Placerville,El Dorado,38.72962520000,-120.79854600000,0.94782608696,0,0,515,0,0,0,0,0,0,0,0,0,0,0,0,0,0
Vaca Station,Solano,Vaca Dixon Substation,Solano,38.40074280000,-121.92052050000,0.79219373411,0,0,0,120,0,0,0,0,0,0,0,0,0,0,0,0,0
Vacaville,Solano,Vacaville,Solano,38.35657730000,-121.98774440000,1.00000000000,0,0,0,343,361,725,1,1,1,2,2,3,11,22,43,71,89
Vallejo,Solano,Vallejo,Solano,38.10408640000,-122.25663670000,1.00000000000,0,0,0,0,6,6,8,11,21,16,20,26,61,72,80,109,117
Valley Ford,Sonoma,Valley Ford,Sonoma,38.31797210000,-122.92416350000,1.00000000000,0,0,0,0,102,0,0,0,0,0,0,0,0,0,0,0,0
Vallicita,Calaveras,Vallecito,Calaveras,38.09019920000,-120.47353220000,0.95898958856,0,0,0,0,214,200,0,0,0,0,0,0,0,0,0,0,0
Ventura (San Buenaventura),Ventura,Ventura,Ventura,34.27833520000,-119.29316760000,0.88000000000,1866,0,628,0,1,2,2,3,4,12,13,17,29,58,74,93,101
Vina Village,Tehama,Vina,Tehama,39.93293600000,-122.05387450000,0.93684210526,1962,0,0,0,93,232,0,0,0,0,0,0,0,0,0,0,0
Virginia,Placer,Virgilia,Plumas,40.01849990000,-121.10551530000,0.68115099392,0,0,0,0,514,0,0,0,0,0,0,0,0,0,0,0,0
Visalia,Tulare,Visalia,Tulare,36.33022840000,-119.29205850000,1.00000000000,0,0,548,913,1,3,3,5,6,7,9,12,16,27,50,76,92
Visitation Valley,San Mateo,Visitacion Valley,San Mateo,37.69354340000,-122.39941570000,0.98524185538,1874,0,0,0,80,0,0,0,0,0,0,0,0,0,0,0,0
Volcano,Amador,Volcano,Amador,38.44296580000,-120.63076280000,1.00000000000,1963,0,0,0,499,358,0,0,0,0,0,0,0,0,0,0,0
Walnut Creek,Contra Costa,Walnut Creek,Contra Costa,38.02408760000,-122.07024150000,1.00000000000,1959,0,0,0,94,0,0,0,538,1,2,2,10,40,53,61,64
Washington,Calaveras,Waddington,Humboldt,40.56707530000,-124.20171990000,0.63989850151,1945,0,0,0,542,0,0,0,0,0,0,0,0,0,0,0,0
Washington,Yolo,Washington School,Yolo,38.59379380000,-121.51690030000,0.97142857143,1945,0,0,0,542,0,0,0,0,0,0,0,0,0,0,0,0
Washington,Nevada,Washington,Nevada,39.35934240000,-120.79910770000,1.00000000000,1945,0,0,0,542,0,0,0,0,0,0,0,0,0,0,0,0
Washington Colony,Fresno,Washington Colony Canal,Fresno,36.66578330000,-119.73208420000,0.95454545455,0,0,0,0,118,929,0,0,0,0,0,0,0,0,0,0,0
Waterford,Stanislaus,Waterford,Stanislaus,37.64132020000,-120.76048340000,1.00000000000,0,0,0,0,63,0,0,0,0,0,0,2,2,2,3,5,7
Watsonville,Santa Cruz,Watsonville,Santa Cruz,36.91023100000,-121.75689460000,1.00000000000,1969,0,398,0,2,2,4,4,5,8,9,12,13,15,24,31,44
Weaverville,Trinity,Weaverville,Trinity,40.73097780000,-122.94197080000,1.00000000000,0,210,777,816,0,0,0,0,0,0,0,0,2,1,3,3,4
Weaverville & vicinity,El Dorado,Placerville,El Dorado,38.72962520000,-120.79854600000,0.78396870902,0,966,0,0,0,0,0,0,0,0,0,0,0,0,0,0,0
West Damascus,Placer,Damascus,Placer,39.14656700000,-120.71771010000,0.95000000000,1923,0,0,0,27,0,0,0,0,0,0,0,0,0,0,0,0
West Point,Calaveras,West Point,Calaveras,38.39907860000,-120.52742600000,1.00000000000,0,0,0,0,173,266,0,0,0,0,0,0,0,0,0,0,746
Williams,Colusa,Williams,Colusa,39.15461370000,-122.14941870000,1.00000000000,0,0,0,0,279,461,918,0,0,851,814,1,1,2,2,2,4
Willits,Mendocino,Willits,Mendocino,39.40960790000,-123.35556560000,1.00000000000,0,0,0,0,153,815,791,1,1,3,2,3,3,3,4,5,5
Willow Creek,Siskiyou,Willow Creek,Siskiyou,40.97875350000,-122.92030750000,1.00000000000,0,0,0,0,115,0,0,0,0,0,0,0,0,0,0,0,0
Willow Creek,Humboldt,Willow Creek,Humboldt,40.24402580000,-124.34254810000,1.00000000000,0,0,0,0,115,0,0,0,0,0,0,0,0,0,0,0,0
Willows,Colusa,Willow Creek,Colusa,39.35655310000,-122.08275410000,0.94892476066,0,0,0,0,728,1,0,0,0,0,0,0,0,0,0,0,0
Willows,Glenn,Willows,Glenn,39.52432650000,-122.19359310000,1.00000000000,0,0,0,0,728,1,0,0,0,0,0,0,0,0,0,0,0
Wilmington,Los Angeles,Wilmington,Los Angeles,33.78001800000,-118.26257110000,1.00000000000,1886,0,0,0,911,687,0,0,0,0,0,0,0,0,0,0,0
Windsor,Sonoma,Windsor,Sonoma,38.54713270000,-122.81638020000,1.00000000000,0,0,0,0,120,0,0,0,0,0,0,0,0,2,0,13,23
Winters,Yolo,Winters,Yolo,38.52490650000,-121.97080170000,1.00000000000,1992,0,0,0,523,0,785,910,903,896,1,1,2,2,3,5,6
Wisconsin Hill,Placer,Mill Creek,Placer,39.07017700000,-120.78965550000,0.63572965992,0,0,0,0,66,0,0,0,0,0,0,0,0,0,0,0,0
Woodbridge,San Joaquin,Woodbridge,San Joaquin,38.15408490000,-121.30133700000,1.00000000000,0,0,0,0,245,288,0,0,0,0,0,0,0,1,2,3,0
Woodland,Yolo,Woodland,Yolo,38.67851570000,-121.77329710000,1.00000000000,1941,0,0,0,2,3,3,3,4,6,7,9,14,21,30,40,49
Yankee Jim's,Placer,Yankee Jims,Placer,39.02934280000,-120.86160290000,0.98712446352,0,0,0,0,150,0,0,0,0,0,0,0,0,0,0,0,0
You Bet,Nevada,You Bet,Nevada,39.20906330000,-120.89994200000,1.00000000000,0,0,0,0,195,0,0,0,0,0,0,0,0,0,0,0,0
Yountville,Napa,Yountville,Napa,38.40157810000,-122.36081050000,1.00000000000,0,0,0,0,256,231,0,0,0,0,0,0,0,2,3,3,3
Yreka,Siskiyou,Yreka,Siskiyou,41.73541870000,-122.63447080000,1.00000000000,1956,0,0,0,1,1,1,1,1,2,2,3,5,5,6,7,7
Yuba City & Vicinity,Sutter,Yuba City,Sutter,39.14044770000,-121.61691080000,0.95000000000,1908,336,0,0,0,0,0,0,0,0,0,0,0,0,0,0,0
